--------------------------------------------------------
-- Archivo creado  - martes-mayo-31-2022   
--------------------------------------------------------
--------------------------------------------------------
--  DDL for Table AUTH_GROUP
--------------------------------------------------------

  CREATE TABLE "HSC"."AUTH_GROUP" 
   (	"ID" NUMBER(11,0) GENERATED BY DEFAULT ON NULL AS IDENTITY MINVALUE 1 MAXVALUE 9999999999999999999999999999 INCREMENT BY 1 START WITH 1 CACHE 20 NOORDER  NOCYCLE  NOKEEP  NOSCALE , 
	"NAME" NVARCHAR2(150)
   ) SEGMENT CREATION DEFERRED 
  PCTFREE 10 PCTUSED 40 INITRANS 1 MAXTRANS 255 
 NOCOMPRESS LOGGING
  TABLESPACE "USERS" ;
--------------------------------------------------------
--  DDL for Table AUTH_GROUP_PERMISSIONS
--------------------------------------------------------

  CREATE TABLE "HSC"."AUTH_GROUP_PERMISSIONS" 
   (	"ID" NUMBER(19,0) GENERATED BY DEFAULT ON NULL AS IDENTITY MINVALUE 1 MAXVALUE 9999999999999999999999999999 INCREMENT BY 1 START WITH 1 CACHE 20 NOORDER  NOCYCLE  NOKEEP  NOSCALE , 
	"GROUP_ID" NUMBER(11,0), 
	"PERMISSION_ID" NUMBER(11,0)
   ) SEGMENT CREATION DEFERRED 
  PCTFREE 10 PCTUSED 40 INITRANS 1 MAXTRANS 255 
 NOCOMPRESS LOGGING
  TABLESPACE "USERS" ;
--------------------------------------------------------
--  DDL for Table AUTH_PERMISSION
--------------------------------------------------------

  CREATE TABLE "HSC"."AUTH_PERMISSION" 
   (	"ID" NUMBER(11,0) GENERATED BY DEFAULT ON NULL AS IDENTITY MINVALUE 1 MAXVALUE 9999999999999999999999999999 INCREMENT BY 1 START WITH 1 CACHE 20 NOORDER  NOCYCLE  NOKEEP  NOSCALE , 
	"NAME" NVARCHAR2(255), 
	"CONTENT_TYPE_ID" NUMBER(11,0), 
	"CODENAME" NVARCHAR2(100)
   ) SEGMENT CREATION IMMEDIATE 
  PCTFREE 10 PCTUSED 40 INITRANS 1 MAXTRANS 255 
 NOCOMPRESS LOGGING
  STORAGE(INITIAL 65536 NEXT 1048576 MINEXTENTS 1 MAXEXTENTS 2147483645
  PCTINCREASE 0 FREELISTS 1 FREELIST GROUPS 1
  BUFFER_POOL DEFAULT FLASH_CACHE DEFAULT CELL_FLASH_CACHE DEFAULT)
  TABLESPACE "USERS" ;
--------------------------------------------------------
--  DDL for Table AUTH_USER
--------------------------------------------------------

  CREATE TABLE "HSC"."AUTH_USER" 
   (	"ID" NUMBER(11,0) GENERATED BY DEFAULT ON NULL AS IDENTITY MINVALUE 1 MAXVALUE 9999999999999999999999999999 INCREMENT BY 1 START WITH 1 CACHE 20 NOORDER  NOCYCLE  NOKEEP  NOSCALE , 
	"PASSWORD" NVARCHAR2(128), 
	"LAST_LOGIN" TIMESTAMP (6), 
	"IS_SUPERUSER" NUMBER(1,0), 
	"USERNAME" NVARCHAR2(150), 
	"FIRST_NAME" NVARCHAR2(150), 
	"LAST_NAME" NVARCHAR2(150), 
	"EMAIL" NVARCHAR2(254), 
	"IS_STAFF" NUMBER(1,0), 
	"IS_ACTIVE" NUMBER(1,0), 
	"DATE_JOINED" TIMESTAMP (6)
   ) SEGMENT CREATION IMMEDIATE 
  PCTFREE 10 PCTUSED 40 INITRANS 1 MAXTRANS 255 
 NOCOMPRESS LOGGING
  STORAGE(INITIAL 65536 NEXT 1048576 MINEXTENTS 1 MAXEXTENTS 2147483645
  PCTINCREASE 0 FREELISTS 1 FREELIST GROUPS 1
  BUFFER_POOL DEFAULT FLASH_CACHE DEFAULT CELL_FLASH_CACHE DEFAULT)
  TABLESPACE "USERS" ;
--------------------------------------------------------
--  DDL for Table AUTH_USER_GROUPS
--------------------------------------------------------

  CREATE TABLE "HSC"."AUTH_USER_GROUPS" 
   (	"ID" NUMBER(19,0) GENERATED BY DEFAULT ON NULL AS IDENTITY MINVALUE 1 MAXVALUE 9999999999999999999999999999 INCREMENT BY 1 START WITH 1 CACHE 20 NOORDER  NOCYCLE  NOKEEP  NOSCALE , 
	"USER_ID" NUMBER(11,0), 
	"GROUP_ID" NUMBER(11,0)
   ) SEGMENT CREATION DEFERRED 
  PCTFREE 10 PCTUSED 40 INITRANS 1 MAXTRANS 255 
 NOCOMPRESS LOGGING
  TABLESPACE "USERS" ;
--------------------------------------------------------
--  DDL for Table AUTH_USER_USER_PERMISSIONS
--------------------------------------------------------

  CREATE TABLE "HSC"."AUTH_USER_USER_PERMISSIONS" 
   (	"ID" NUMBER(19,0) GENERATED BY DEFAULT ON NULL AS IDENTITY MINVALUE 1 MAXVALUE 9999999999999999999999999999 INCREMENT BY 1 START WITH 1 CACHE 20 NOORDER  NOCYCLE  NOKEEP  NOSCALE , 
	"USER_ID" NUMBER(11,0), 
	"PERMISSION_ID" NUMBER(11,0)
   ) SEGMENT CREATION DEFERRED 
  PCTFREE 10 PCTUSED 40 INITRANS 1 MAXTRANS 255 
 NOCOMPRESS LOGGING
  TABLESPACE "USERS" ;
--------------------------------------------------------
--  DDL for Table DJANGO_ADMIN_LOG
--------------------------------------------------------

  CREATE TABLE "HSC"."DJANGO_ADMIN_LOG" 
   (	"ID" NUMBER(11,0) GENERATED BY DEFAULT ON NULL AS IDENTITY MINVALUE 1 MAXVALUE 9999999999999999999999999999 INCREMENT BY 1 START WITH 1 CACHE 20 NOORDER  NOCYCLE  NOKEEP  NOSCALE , 
	"ACTION_TIME" TIMESTAMP (6), 
	"OBJECT_ID" NCLOB, 
	"OBJECT_REPR" NVARCHAR2(200), 
	"ACTION_FLAG" NUMBER(11,0), 
	"CHANGE_MESSAGE" NCLOB, 
	"CONTENT_TYPE_ID" NUMBER(11,0), 
	"USER_ID" NUMBER(11,0)
   ) SEGMENT CREATION IMMEDIATE 
  PCTFREE 10 PCTUSED 40 INITRANS 1 MAXTRANS 255 
 NOCOMPRESS LOGGING
  STORAGE(INITIAL 65536 NEXT 1048576 MINEXTENTS 1 MAXEXTENTS 2147483645
  PCTINCREASE 0 FREELISTS 1 FREELIST GROUPS 1
  BUFFER_POOL DEFAULT FLASH_CACHE DEFAULT CELL_FLASH_CACHE DEFAULT)
  TABLESPACE "USERS" 
 LOB ("OBJECT_ID") STORE AS SECUREFILE (
  TABLESPACE "USERS" ENABLE STORAGE IN ROW CHUNK 8192
  NOCACHE LOGGING  NOCOMPRESS  KEEP_DUPLICATES 
  STORAGE(INITIAL 106496 NEXT 1048576 MINEXTENTS 1 MAXEXTENTS 2147483645
  PCTINCREASE 0
  BUFFER_POOL DEFAULT FLASH_CACHE DEFAULT CELL_FLASH_CACHE DEFAULT)) 
 LOB ("CHANGE_MESSAGE") STORE AS SECUREFILE (
  TABLESPACE "USERS" ENABLE STORAGE IN ROW CHUNK 8192
  NOCACHE LOGGING  NOCOMPRESS  KEEP_DUPLICATES 
  STORAGE(INITIAL 106496 NEXT 1048576 MINEXTENTS 1 MAXEXTENTS 2147483645
  PCTINCREASE 0
  BUFFER_POOL DEFAULT FLASH_CACHE DEFAULT CELL_FLASH_CACHE DEFAULT)) ;
--------------------------------------------------------
--  DDL for Table DJANGO_CONTENT_TYPE
--------------------------------------------------------

  CREATE TABLE "HSC"."DJANGO_CONTENT_TYPE" 
   (	"ID" NUMBER(11,0) GENERATED BY DEFAULT ON NULL AS IDENTITY MINVALUE 1 MAXVALUE 9999999999999999999999999999 INCREMENT BY 1 START WITH 1 CACHE 20 NOORDER  NOCYCLE  NOKEEP  NOSCALE , 
	"APP_LABEL" NVARCHAR2(100), 
	"MODEL" NVARCHAR2(100)
   ) SEGMENT CREATION IMMEDIATE 
  PCTFREE 10 PCTUSED 40 INITRANS 1 MAXTRANS 255 
 NOCOMPRESS LOGGING
  STORAGE(INITIAL 65536 NEXT 1048576 MINEXTENTS 1 MAXEXTENTS 2147483645
  PCTINCREASE 0 FREELISTS 1 FREELIST GROUPS 1
  BUFFER_POOL DEFAULT FLASH_CACHE DEFAULT CELL_FLASH_CACHE DEFAULT)
  TABLESPACE "USERS" ;
--------------------------------------------------------
--  DDL for Table DJANGO_MIGRATIONS
--------------------------------------------------------

  CREATE TABLE "HSC"."DJANGO_MIGRATIONS" 
   (	"ID" NUMBER(19,0) GENERATED BY DEFAULT ON NULL AS IDENTITY MINVALUE 1 MAXVALUE 9999999999999999999999999999 INCREMENT BY 1 START WITH 1 CACHE 20 NOORDER  NOCYCLE  NOKEEP  NOSCALE , 
	"APP" NVARCHAR2(255), 
	"NAME" NVARCHAR2(255), 
	"APPLIED" TIMESTAMP (6)
   ) SEGMENT CREATION IMMEDIATE 
  PCTFREE 10 PCTUSED 40 INITRANS 1 MAXTRANS 255 
 NOCOMPRESS LOGGING
  STORAGE(INITIAL 65536 NEXT 1048576 MINEXTENTS 1 MAXEXTENTS 2147483645
  PCTINCREASE 0 FREELISTS 1 FREELIST GROUPS 1
  BUFFER_POOL DEFAULT FLASH_CACHE DEFAULT CELL_FLASH_CACHE DEFAULT)
  TABLESPACE "USERS" ;
--------------------------------------------------------
--  DDL for Table DJANGO_SESSION
--------------------------------------------------------

  CREATE TABLE "HSC"."DJANGO_SESSION" 
   (	"SESSION_KEY" NVARCHAR2(40), 
	"SESSION_DATA" NCLOB, 
	"EXPIRE_DATE" TIMESTAMP (6)
   ) SEGMENT CREATION IMMEDIATE 
  PCTFREE 10 PCTUSED 40 INITRANS 1 MAXTRANS 255 
 NOCOMPRESS LOGGING
  STORAGE(INITIAL 65536 NEXT 1048576 MINEXTENTS 1 MAXEXTENTS 2147483645
  PCTINCREASE 0 FREELISTS 1 FREELIST GROUPS 1
  BUFFER_POOL DEFAULT FLASH_CACHE DEFAULT CELL_FLASH_CACHE DEFAULT)
  TABLESPACE "USERS" 
 LOB ("SESSION_DATA") STORE AS SECUREFILE (
  TABLESPACE "USERS" ENABLE STORAGE IN ROW CHUNK 8192
  NOCACHE LOGGING  NOCOMPRESS  KEEP_DUPLICATES 
  STORAGE(INITIAL 106496 NEXT 1048576 MINEXTENTS 1 MAXEXTENTS 2147483645
  PCTINCREASE 0
  BUFFER_POOL DEFAULT FLASH_CACHE DEFAULT CELL_FLASH_CACHE DEFAULT)) ;
--------------------------------------------------------
--  DDL for Table INICIO_CATEGORIA
--------------------------------------------------------

  CREATE TABLE "HSC"."INICIO_CATEGORIA" 
   (	"IDCATEGORIA" NUMBER(11,0) GENERATED BY DEFAULT ON NULL AS IDENTITY MINVALUE 1 MAXVALUE 9999999999999999999999999999 INCREMENT BY 1 START WITH 1 CACHE 20 NOORDER  NOCYCLE  NOKEEP  NOSCALE , 
	"NOMBRECAT" NVARCHAR2(30)
   ) SEGMENT CREATION DEFERRED 
  PCTFREE 10 PCTUSED 40 INITRANS 1 MAXTRANS 255 
 NOCOMPRESS LOGGING
  TABLESPACE "USERS" ;
--------------------------------------------------------
--  DDL for Table INICIO_COMUNA
--------------------------------------------------------

  CREATE TABLE "HSC"."INICIO_COMUNA" 
   (	"IDCOMUNA" NUMBER(11,0) GENERATED BY DEFAULT ON NULL AS IDENTITY MINVALUE 1 MAXVALUE 9999999999999999999999999999 INCREMENT BY 1 START WITH 1 CACHE 20 NOORDER  NOCYCLE  NOKEEP  NOSCALE , 
	"NOMBRECOM" NVARCHAR2(40)
   ) SEGMENT CREATION IMMEDIATE 
  PCTFREE 10 PCTUSED 40 INITRANS 1 MAXTRANS 255 
 NOCOMPRESS LOGGING
  STORAGE(INITIAL 65536 NEXT 1048576 MINEXTENTS 1 MAXEXTENTS 2147483645
  PCTINCREASE 0 FREELISTS 1 FREELIST GROUPS 1
  BUFFER_POOL DEFAULT FLASH_CACHE DEFAULT CELL_FLASH_CACHE DEFAULT)
  TABLESPACE "USERS" ;
--------------------------------------------------------
--  DDL for Table INICIO_DETALLE
--------------------------------------------------------

  CREATE TABLE "HSC"."INICIO_DETALLE" 
   (	"IDDETALLE" NUMBER(11,0) GENERATED BY DEFAULT ON NULL AS IDENTITY MINVALUE 1 MAXVALUE 9999999999999999999999999999 INCREMENT BY 1 START WITH 1 CACHE 20 NOORDER  NOCYCLE  NOKEEP  NOSCALE , 
	"CANTIDAD" NUMBER(11,0), 
	"SUBTOTAL" NUMBER(11,0), 
	"PRODUCTO_ID" NUMBER(11,0), 
	"VENTA_ID" NUMBER(11,0)
   ) SEGMENT CREATION DEFERRED 
  PCTFREE 10 PCTUSED 40 INITRANS 1 MAXTRANS 255 
 NOCOMPRESS LOGGING
  TABLESPACE "USERS" ;
--------------------------------------------------------
--  DDL for Table INICIO_DIRECCION
--------------------------------------------------------

  CREATE TABLE "HSC"."INICIO_DIRECCION" 
   (	"IDDIRECCION" NUMBER(11,0) GENERATED BY DEFAULT ON NULL AS IDENTITY MINVALUE 1 MAXVALUE 9999999999999999999999999999 INCREMENT BY 1 START WITH 1 CACHE 20 NOORDER  NOCYCLE  NOKEEP  NOSCALE , 
	"DESCRIPCIONDIR" NCLOB, 
	"REGION_ID" NUMBER(11,0), 
	"USUARIO_ID" NVARCHAR2(15)
   ) SEGMENT CREATION IMMEDIATE 
  PCTFREE 10 PCTUSED 40 INITRANS 1 MAXTRANS 255 
 NOCOMPRESS LOGGING
  STORAGE(INITIAL 65536 NEXT 1048576 MINEXTENTS 1 MAXEXTENTS 2147483645
  PCTINCREASE 0 FREELISTS 1 FREELIST GROUPS 1
  BUFFER_POOL DEFAULT FLASH_CACHE DEFAULT CELL_FLASH_CACHE DEFAULT)
  TABLESPACE "USERS" 
 LOB ("DESCRIPCIONDIR") STORE AS SECUREFILE (
  TABLESPACE "USERS" ENABLE STORAGE IN ROW CHUNK 8192
  NOCACHE LOGGING  NOCOMPRESS  KEEP_DUPLICATES 
  STORAGE(INITIAL 106496 NEXT 1048576 MINEXTENTS 1 MAXEXTENTS 2147483645
  PCTINCREASE 0
  BUFFER_POOL DEFAULT FLASH_CACHE DEFAULT CELL_FLASH_CACHE DEFAULT)) ;
--------------------------------------------------------
--  DDL for Table INICIO_MARCA
--------------------------------------------------------

  CREATE TABLE "HSC"."INICIO_MARCA" 
   (	"IDMARCA" NUMBER(11,0) GENERATED BY DEFAULT ON NULL AS IDENTITY MINVALUE 1 MAXVALUE 9999999999999999999999999999 INCREMENT BY 1 START WITH 1 CACHE 20 NOORDER  NOCYCLE  NOKEEP  NOSCALE , 
	"NOMBREMARCA" NVARCHAR2(30)
   ) SEGMENT CREATION IMMEDIATE 
  PCTFREE 10 PCTUSED 40 INITRANS 1 MAXTRANS 255 
 NOCOMPRESS LOGGING
  STORAGE(INITIAL 65536 NEXT 1048576 MINEXTENTS 1 MAXEXTENTS 2147483645
  PCTINCREASE 0 FREELISTS 1 FREELIST GROUPS 1
  BUFFER_POOL DEFAULT FLASH_CACHE DEFAULT CELL_FLASH_CACHE DEFAULT)
  TABLESPACE "USERS" ;
--------------------------------------------------------
--  DDL for Table INICIO_PRODUCTO
--------------------------------------------------------

  CREATE TABLE "HSC"."INICIO_PRODUCTO" 
   (	"IDPRODUCTO" NUMBER(11,0) GENERATED BY DEFAULT ON NULL AS IDENTITY MINVALUE 1 MAXVALUE 9999999999999999999999999999 INCREMENT BY 1 START WITH 1 CACHE 20 NOORDER  NOCYCLE  NOKEEP  NOSCALE , 
	"NOMBREPRODUCTO" NVARCHAR2(50), 
	"PRECIOPRODUCTO" NUMBER(11,0), 
	"ESPECIFICACIONPROD" NVARCHAR2(900), 
	"STOCKPROD" NUMBER(11,0), 
	"IMAGENPROD" NVARCHAR2(100), 
	"MARCA_ID" NUMBER(11,0), 
	"TIPOPROD_ID" NUMBER(11,0)
   ) SEGMENT CREATION IMMEDIATE 
  PCTFREE 10 PCTUSED 40 INITRANS 1 MAXTRANS 255 
 NOCOMPRESS LOGGING
  STORAGE(INITIAL 65536 NEXT 1048576 MINEXTENTS 1 MAXEXTENTS 2147483645
  PCTINCREASE 0 FREELISTS 1 FREELIST GROUPS 1
  BUFFER_POOL DEFAULT FLASH_CACHE DEFAULT CELL_FLASH_CACHE DEFAULT)
  TABLESPACE "USERS" ;
--------------------------------------------------------
--  DDL for Table INICIO_REGION
--------------------------------------------------------

  CREATE TABLE "HSC"."INICIO_REGION" 
   (	"IDREGION" NUMBER(11,0) GENERATED BY DEFAULT ON NULL AS IDENTITY MINVALUE 1 MAXVALUE 9999999999999999999999999999 INCREMENT BY 1 START WITH 1 CACHE 20 NOORDER  NOCYCLE  NOKEEP  NOSCALE , 
	"NOMBREREG" NVARCHAR2(40), 
	"COMUNA_ID" NUMBER(11,0)
   ) SEGMENT CREATION IMMEDIATE 
  PCTFREE 10 PCTUSED 40 INITRANS 1 MAXTRANS 255 
 NOCOMPRESS LOGGING
  STORAGE(INITIAL 65536 NEXT 1048576 MINEXTENTS 1 MAXEXTENTS 2147483645
  PCTINCREASE 0 FREELISTS 1 FREELIST GROUPS 1
  BUFFER_POOL DEFAULT FLASH_CACHE DEFAULT CELL_FLASH_CACHE DEFAULT)
  TABLESPACE "USERS" ;
--------------------------------------------------------
--  DDL for Table INICIO_TIPOPROD
--------------------------------------------------------

  CREATE TABLE "HSC"."INICIO_TIPOPROD" 
   (	"IDTIPOROD" NUMBER(11,0) GENERATED BY DEFAULT ON NULL AS IDENTITY MINVALUE 1 MAXVALUE 9999999999999999999999999999 INCREMENT BY 1 START WITH 1 CACHE 20 NOORDER  NOCYCLE  NOKEEP  NOSCALE , 
	"NOMBRETIPOPROD" NVARCHAR2(60)
   ) SEGMENT CREATION IMMEDIATE 
  PCTFREE 10 PCTUSED 40 INITRANS 1 MAXTRANS 255 
 NOCOMPRESS LOGGING
  STORAGE(INITIAL 65536 NEXT 1048576 MINEXTENTS 1 MAXEXTENTS 2147483645
  PCTINCREASE 0 FREELISTS 1 FREELIST GROUPS 1
  BUFFER_POOL DEFAULT FLASH_CACHE DEFAULT CELL_FLASH_CACHE DEFAULT)
  TABLESPACE "USERS" ;
--------------------------------------------------------
--  DDL for Table INICIO_TIPOUSUARIO
--------------------------------------------------------

  CREATE TABLE "HSC"."INICIO_TIPOUSUARIO" 
   (	"IDTIPOUSUARIO" NUMBER(11,0) GENERATED BY DEFAULT ON NULL AS IDENTITY MINVALUE 1 MAXVALUE 9999999999999999999999999999 INCREMENT BY 1 START WITH 1 CACHE 20 NOORDER  NOCYCLE  NOKEEP  NOSCALE , 
	"NOMBRETIPO" NVARCHAR2(30)
   ) SEGMENT CREATION IMMEDIATE 
  PCTFREE 10 PCTUSED 40 INITRANS 1 MAXTRANS 255 
 NOCOMPRESS LOGGING
  STORAGE(INITIAL 65536 NEXT 1048576 MINEXTENTS 1 MAXEXTENTS 2147483645
  PCTINCREASE 0 FREELISTS 1 FREELIST GROUPS 1
  BUFFER_POOL DEFAULT FLASH_CACHE DEFAULT CELL_FLASH_CACHE DEFAULT)
  TABLESPACE "USERS" ;
--------------------------------------------------------
--  DDL for Table INICIO_USUARIO
--------------------------------------------------------

  CREATE TABLE "HSC"."INICIO_USUARIO" 
   (	"USERNAME" NVARCHAR2(15), 
	"CONTRASENNIA" NVARCHAR2(30), 
	"NOMBRE" NVARCHAR2(60), 
	"APELLIDO" NVARCHAR2(60), 
	"EMAIL" NVARCHAR2(150), 
	"TIPOUSUARIO_ID" NUMBER(11,0)
   ) SEGMENT CREATION IMMEDIATE 
  PCTFREE 10 PCTUSED 40 INITRANS 1 MAXTRANS 255 
 NOCOMPRESS LOGGING
  STORAGE(INITIAL 65536 NEXT 1048576 MINEXTENTS 1 MAXEXTENTS 2147483645
  PCTINCREASE 0 FREELISTS 1 FREELIST GROUPS 1
  BUFFER_POOL DEFAULT FLASH_CACHE DEFAULT CELL_FLASH_CACHE DEFAULT)
  TABLESPACE "USERS" ;
--------------------------------------------------------
--  DDL for Table INICIO_VENTA
--------------------------------------------------------

  CREATE TABLE "HSC"."INICIO_VENTA" 
   (	"IDVENTA" NUMBER(11,0) GENERATED BY DEFAULT ON NULL AS IDENTITY MINVALUE 1 MAXVALUE 9999999999999999999999999999 INCREMENT BY 1 START WITH 1 CACHE 20 NOORDER  NOCYCLE  NOKEEP  NOSCALE , 
	"FECHAVENTA" DATE, 
	"USUARIO_ID" NVARCHAR2(15)
   ) SEGMENT CREATION DEFERRED 
  PCTFREE 10 PCTUSED 40 INITRANS 1 MAXTRANS 255 
 NOCOMPRESS LOGGING
  TABLESPACE "USERS" ;
REM INSERTING into HSC.AUTH_GROUP
SET DEFINE OFF;
REM INSERTING into HSC.AUTH_GROUP_PERMISSIONS
SET DEFINE OFF;
REM INSERTING into HSC.AUTH_PERMISSION
SET DEFINE OFF;
Insert into HSC.AUTH_PERMISSION (ID,NAME,CONTENT_TYPE_ID,CODENAME) values (1,'Can add log entry',1,'add_logentry');
Insert into HSC.AUTH_PERMISSION (ID,NAME,CONTENT_TYPE_ID,CODENAME) values (2,'Can change log entry',1,'change_logentry');
Insert into HSC.AUTH_PERMISSION (ID,NAME,CONTENT_TYPE_ID,CODENAME) values (3,'Can delete log entry',1,'delete_logentry');
Insert into HSC.AUTH_PERMISSION (ID,NAME,CONTENT_TYPE_ID,CODENAME) values (4,'Can view log entry',1,'view_logentry');
Insert into HSC.AUTH_PERMISSION (ID,NAME,CONTENT_TYPE_ID,CODENAME) values (5,'Can add permission',2,'add_permission');
Insert into HSC.AUTH_PERMISSION (ID,NAME,CONTENT_TYPE_ID,CODENAME) values (6,'Can change permission',2,'change_permission');
Insert into HSC.AUTH_PERMISSION (ID,NAME,CONTENT_TYPE_ID,CODENAME) values (7,'Can delete permission',2,'delete_permission');
Insert into HSC.AUTH_PERMISSION (ID,NAME,CONTENT_TYPE_ID,CODENAME) values (8,'Can view permission',2,'view_permission');
Insert into HSC.AUTH_PERMISSION (ID,NAME,CONTENT_TYPE_ID,CODENAME) values (9,'Can add group',3,'add_group');
Insert into HSC.AUTH_PERMISSION (ID,NAME,CONTENT_TYPE_ID,CODENAME) values (10,'Can change group',3,'change_group');
Insert into HSC.AUTH_PERMISSION (ID,NAME,CONTENT_TYPE_ID,CODENAME) values (11,'Can delete group',3,'delete_group');
Insert into HSC.AUTH_PERMISSION (ID,NAME,CONTENT_TYPE_ID,CODENAME) values (12,'Can view group',3,'view_group');
Insert into HSC.AUTH_PERMISSION (ID,NAME,CONTENT_TYPE_ID,CODENAME) values (13,'Can add user',4,'add_user');
Insert into HSC.AUTH_PERMISSION (ID,NAME,CONTENT_TYPE_ID,CODENAME) values (14,'Can change user',4,'change_user');
Insert into HSC.AUTH_PERMISSION (ID,NAME,CONTENT_TYPE_ID,CODENAME) values (15,'Can delete user',4,'delete_user');
Insert into HSC.AUTH_PERMISSION (ID,NAME,CONTENT_TYPE_ID,CODENAME) values (16,'Can view user',4,'view_user');
Insert into HSC.AUTH_PERMISSION (ID,NAME,CONTENT_TYPE_ID,CODENAME) values (17,'Can add content type',5,'add_contenttype');
Insert into HSC.AUTH_PERMISSION (ID,NAME,CONTENT_TYPE_ID,CODENAME) values (18,'Can change content type',5,'change_contenttype');
Insert into HSC.AUTH_PERMISSION (ID,NAME,CONTENT_TYPE_ID,CODENAME) values (19,'Can delete content type',5,'delete_contenttype');
Insert into HSC.AUTH_PERMISSION (ID,NAME,CONTENT_TYPE_ID,CODENAME) values (20,'Can view content type',5,'view_contenttype');
Insert into HSC.AUTH_PERMISSION (ID,NAME,CONTENT_TYPE_ID,CODENAME) values (21,'Can add session',6,'add_session');
Insert into HSC.AUTH_PERMISSION (ID,NAME,CONTENT_TYPE_ID,CODENAME) values (22,'Can change session',6,'change_session');
Insert into HSC.AUTH_PERMISSION (ID,NAME,CONTENT_TYPE_ID,CODENAME) values (23,'Can delete session',6,'delete_session');
Insert into HSC.AUTH_PERMISSION (ID,NAME,CONTENT_TYPE_ID,CODENAME) values (24,'Can view session',6,'view_session');
Insert into HSC.AUTH_PERMISSION (ID,NAME,CONTENT_TYPE_ID,CODENAME) values (25,'Can add categoria',7,'add_categoria');
Insert into HSC.AUTH_PERMISSION (ID,NAME,CONTENT_TYPE_ID,CODENAME) values (26,'Can change categoria',7,'change_categoria');
Insert into HSC.AUTH_PERMISSION (ID,NAME,CONTENT_TYPE_ID,CODENAME) values (27,'Can delete categoria',7,'delete_categoria');
Insert into HSC.AUTH_PERMISSION (ID,NAME,CONTENT_TYPE_ID,CODENAME) values (28,'Can view categoria',7,'view_categoria');
Insert into HSC.AUTH_PERMISSION (ID,NAME,CONTENT_TYPE_ID,CODENAME) values (29,'Can add comuna',8,'add_comuna');
Insert into HSC.AUTH_PERMISSION (ID,NAME,CONTENT_TYPE_ID,CODENAME) values (30,'Can change comuna',8,'change_comuna');
Insert into HSC.AUTH_PERMISSION (ID,NAME,CONTENT_TYPE_ID,CODENAME) values (31,'Can delete comuna',8,'delete_comuna');
Insert into HSC.AUTH_PERMISSION (ID,NAME,CONTENT_TYPE_ID,CODENAME) values (32,'Can view comuna',8,'view_comuna');
Insert into HSC.AUTH_PERMISSION (ID,NAME,CONTENT_TYPE_ID,CODENAME) values (33,'Can add marca',9,'add_marca');
Insert into HSC.AUTH_PERMISSION (ID,NAME,CONTENT_TYPE_ID,CODENAME) values (34,'Can change marca',9,'change_marca');
Insert into HSC.AUTH_PERMISSION (ID,NAME,CONTENT_TYPE_ID,CODENAME) values (35,'Can delete marca',9,'delete_marca');
Insert into HSC.AUTH_PERMISSION (ID,NAME,CONTENT_TYPE_ID,CODENAME) values (36,'Can view marca',9,'view_marca');
Insert into HSC.AUTH_PERMISSION (ID,NAME,CONTENT_TYPE_ID,CODENAME) values (37,'Can add tipo prod',10,'add_tipoprod');
Insert into HSC.AUTH_PERMISSION (ID,NAME,CONTENT_TYPE_ID,CODENAME) values (38,'Can change tipo prod',10,'change_tipoprod');
Insert into HSC.AUTH_PERMISSION (ID,NAME,CONTENT_TYPE_ID,CODENAME) values (39,'Can delete tipo prod',10,'delete_tipoprod');
Insert into HSC.AUTH_PERMISSION (ID,NAME,CONTENT_TYPE_ID,CODENAME) values (40,'Can view tipo prod',10,'view_tipoprod');
Insert into HSC.AUTH_PERMISSION (ID,NAME,CONTENT_TYPE_ID,CODENAME) values (41,'Can add tipo usuario',11,'add_tipousuario');
Insert into HSC.AUTH_PERMISSION (ID,NAME,CONTENT_TYPE_ID,CODENAME) values (42,'Can change tipo usuario',11,'change_tipousuario');
Insert into HSC.AUTH_PERMISSION (ID,NAME,CONTENT_TYPE_ID,CODENAME) values (43,'Can delete tipo usuario',11,'delete_tipousuario');
Insert into HSC.AUTH_PERMISSION (ID,NAME,CONTENT_TYPE_ID,CODENAME) values (44,'Can view tipo usuario',11,'view_tipousuario');
Insert into HSC.AUTH_PERMISSION (ID,NAME,CONTENT_TYPE_ID,CODENAME) values (45,'Can add usuario',12,'add_usuario');
Insert into HSC.AUTH_PERMISSION (ID,NAME,CONTENT_TYPE_ID,CODENAME) values (46,'Can change usuario',12,'change_usuario');
Insert into HSC.AUTH_PERMISSION (ID,NAME,CONTENT_TYPE_ID,CODENAME) values (47,'Can delete usuario',12,'delete_usuario');
Insert into HSC.AUTH_PERMISSION (ID,NAME,CONTENT_TYPE_ID,CODENAME) values (48,'Can view usuario',12,'view_usuario');
Insert into HSC.AUTH_PERMISSION (ID,NAME,CONTENT_TYPE_ID,CODENAME) values (49,'Can add venta',13,'add_venta');
Insert into HSC.AUTH_PERMISSION (ID,NAME,CONTENT_TYPE_ID,CODENAME) values (50,'Can change venta',13,'change_venta');
Insert into HSC.AUTH_PERMISSION (ID,NAME,CONTENT_TYPE_ID,CODENAME) values (51,'Can delete venta',13,'delete_venta');
Insert into HSC.AUTH_PERMISSION (ID,NAME,CONTENT_TYPE_ID,CODENAME) values (52,'Can view venta',13,'view_venta');
Insert into HSC.AUTH_PERMISSION (ID,NAME,CONTENT_TYPE_ID,CODENAME) values (53,'Can add region',14,'add_region');
Insert into HSC.AUTH_PERMISSION (ID,NAME,CONTENT_TYPE_ID,CODENAME) values (54,'Can change region',14,'change_region');
Insert into HSC.AUTH_PERMISSION (ID,NAME,CONTENT_TYPE_ID,CODENAME) values (55,'Can delete region',14,'delete_region');
Insert into HSC.AUTH_PERMISSION (ID,NAME,CONTENT_TYPE_ID,CODENAME) values (56,'Can view region',14,'view_region');
Insert into HSC.AUTH_PERMISSION (ID,NAME,CONTENT_TYPE_ID,CODENAME) values (57,'Can add producto',15,'add_producto');
Insert into HSC.AUTH_PERMISSION (ID,NAME,CONTENT_TYPE_ID,CODENAME) values (58,'Can change producto',15,'change_producto');
Insert into HSC.AUTH_PERMISSION (ID,NAME,CONTENT_TYPE_ID,CODENAME) values (59,'Can delete producto',15,'delete_producto');
Insert into HSC.AUTH_PERMISSION (ID,NAME,CONTENT_TYPE_ID,CODENAME) values (60,'Can view producto',15,'view_producto');
Insert into HSC.AUTH_PERMISSION (ID,NAME,CONTENT_TYPE_ID,CODENAME) values (61,'Can add modelo',16,'add_modelo');
Insert into HSC.AUTH_PERMISSION (ID,NAME,CONTENT_TYPE_ID,CODENAME) values (62,'Can change modelo',16,'change_modelo');
Insert into HSC.AUTH_PERMISSION (ID,NAME,CONTENT_TYPE_ID,CODENAME) values (63,'Can delete modelo',16,'delete_modelo');
Insert into HSC.AUTH_PERMISSION (ID,NAME,CONTENT_TYPE_ID,CODENAME) values (64,'Can view modelo',16,'view_modelo');
Insert into HSC.AUTH_PERMISSION (ID,NAME,CONTENT_TYPE_ID,CODENAME) values (65,'Can add direccion',17,'add_direccion');
Insert into HSC.AUTH_PERMISSION (ID,NAME,CONTENT_TYPE_ID,CODENAME) values (66,'Can change direccion',17,'change_direccion');
Insert into HSC.AUTH_PERMISSION (ID,NAME,CONTENT_TYPE_ID,CODENAME) values (67,'Can delete direccion',17,'delete_direccion');
Insert into HSC.AUTH_PERMISSION (ID,NAME,CONTENT_TYPE_ID,CODENAME) values (68,'Can view direccion',17,'view_direccion');
Insert into HSC.AUTH_PERMISSION (ID,NAME,CONTENT_TYPE_ID,CODENAME) values (69,'Can add detalle',18,'add_detalle');
Insert into HSC.AUTH_PERMISSION (ID,NAME,CONTENT_TYPE_ID,CODENAME) values (70,'Can change detalle',18,'change_detalle');
Insert into HSC.AUTH_PERMISSION (ID,NAME,CONTENT_TYPE_ID,CODENAME) values (71,'Can delete detalle',18,'delete_detalle');
Insert into HSC.AUTH_PERMISSION (ID,NAME,CONTENT_TYPE_ID,CODENAME) values (72,'Can view detalle',18,'view_detalle');
REM INSERTING into HSC.AUTH_USER
SET DEFINE OFF;
Insert into HSC.AUTH_USER (ID,PASSWORD,LAST_LOGIN,IS_SUPERUSER,USERNAME,FIRST_NAME,LAST_NAME,EMAIL,IS_STAFF,IS_ACTIVE,DATE_JOINED) values (1,'pbkdf2_sha256$320000$qZ6561AyXVplOZ24JeTiS1$oeyobVpDLV/4X2jIs8dhqRp7xLIf38rbxpxM0oHmtqY=',to_timestamp('01/06/22 02:28:22.898075000','DD/MM/RR HH24:MI:SSXFF'),1,'adminhsc',null,null,'a@a.cl',1,1,to_timestamp('01/06/22 00:52:43.852645000','DD/MM/RR HH24:MI:SSXFF'));
REM INSERTING into HSC.AUTH_USER_GROUPS
SET DEFINE OFF;
REM INSERTING into HSC.AUTH_USER_USER_PERMISSIONS
SET DEFINE OFF;
REM INSERTING into HSC.DJANGO_ADMIN_LOG
SET DEFINE OFF;
Insert into HSC.DJANGO_ADMIN_LOG (ID,ACTION_TIME,OBJECT_REPR,ACTION_FLAG,CONTENT_TYPE_ID,USER_ID) values (1,to_timestamp('01/06/22 02:03:00.549200000','DD/MM/RR HH24:MI:SSXFF'),'Microfono',1,15,1);
Insert into HSC.DJANGO_ADMIN_LOG (ID,ACTION_TIME,OBJECT_REPR,ACTION_FLAG,CONTENT_TYPE_ID,USER_ID) values (2,to_timestamp('01/06/22 02:03:41.493280000','DD/MM/RR HH24:MI:SSXFF'),'Microfono',3,15,1);
Insert into HSC.DJANGO_ADMIN_LOG (ID,ACTION_TIME,OBJECT_REPR,ACTION_FLAG,CONTENT_TYPE_ID,USER_ID) values (3,to_timestamp('01/06/22 02:04:03.196648000','DD/MM/RR HH24:MI:SSXFF'),'sisisnono',1,15,1);
Insert into HSC.DJANGO_ADMIN_LOG (ID,ACTION_TIME,OBJECT_REPR,ACTION_FLAG,CONTENT_TYPE_ID,USER_ID) values (4,to_timestamp('01/06/22 02:04:38.565360000','DD/MM/RR HH24:MI:SSXFF'),'sisisnono',3,15,1);
Insert into HSC.DJANGO_ADMIN_LOG (ID,ACTION_TIME,OBJECT_REPR,ACTION_FLAG,CONTENT_TYPE_ID,USER_ID) values (5,to_timestamp('01/06/22 02:11:46.196251000','DD/MM/RR HH24:MI:SSXFF'),'admin',1,11,1);
Insert into HSC.DJANGO_ADMIN_LOG (ID,ACTION_TIME,OBJECT_REPR,ACTION_FLAG,CONTENT_TYPE_ID,USER_ID) values (6,to_timestamp('01/06/22 02:11:56.925064000','DD/MM/RR HH24:MI:SSXFF'),'usuario',1,11,1);
Insert into HSC.DJANGO_ADMIN_LOG (ID,ACTION_TIME,OBJECT_REPR,ACTION_FLAG,CONTENT_TYPE_ID,USER_ID) values (9,to_timestamp('01/06/22 02:13:30.032695000','DD/MM/RR HH24:MI:SSXFF'),'Metropolitana',1,14,1);
Insert into HSC.DJANGO_ADMIN_LOG (ID,ACTION_TIME,OBJECT_REPR,ACTION_FLAG,CONTENT_TYPE_ID,USER_ID) values (7,to_timestamp('01/06/22 02:12:25.677315000','DD/MM/RR HH24:MI:SSXFF'),'admin',1,12,1);
Insert into HSC.DJANGO_ADMIN_LOG (ID,ACTION_TIME,OBJECT_REPR,ACTION_FLAG,CONTENT_TYPE_ID,USER_ID) values (8,to_timestamp('01/06/22 02:13:17.651684000','DD/MM/RR HH24:MI:SSXFF'),'Santiago',1,8,1);
REM INSERTING into HSC.DJANGO_CONTENT_TYPE
SET DEFINE OFF;
Insert into HSC.DJANGO_CONTENT_TYPE (ID,APP_LABEL,MODEL) values (1,'admin','logentry');
Insert into HSC.DJANGO_CONTENT_TYPE (ID,APP_LABEL,MODEL) values (2,'auth','permission');
Insert into HSC.DJANGO_CONTENT_TYPE (ID,APP_LABEL,MODEL) values (3,'auth','group');
Insert into HSC.DJANGO_CONTENT_TYPE (ID,APP_LABEL,MODEL) values (4,'auth','user');
Insert into HSC.DJANGO_CONTENT_TYPE (ID,APP_LABEL,MODEL) values (5,'contenttypes','contenttype');
Insert into HSC.DJANGO_CONTENT_TYPE (ID,APP_LABEL,MODEL) values (6,'sessions','session');
Insert into HSC.DJANGO_CONTENT_TYPE (ID,APP_LABEL,MODEL) values (7,'Inicio','categoria');
Insert into HSC.DJANGO_CONTENT_TYPE (ID,APP_LABEL,MODEL) values (8,'Inicio','comuna');
Insert into HSC.DJANGO_CONTENT_TYPE (ID,APP_LABEL,MODEL) values (9,'Inicio','marca');
Insert into HSC.DJANGO_CONTENT_TYPE (ID,APP_LABEL,MODEL) values (10,'Inicio','tipoprod');
Insert into HSC.DJANGO_CONTENT_TYPE (ID,APP_LABEL,MODEL) values (11,'Inicio','tipousuario');
Insert into HSC.DJANGO_CONTENT_TYPE (ID,APP_LABEL,MODEL) values (12,'Inicio','usuario');
Insert into HSC.DJANGO_CONTENT_TYPE (ID,APP_LABEL,MODEL) values (13,'Inicio','venta');
Insert into HSC.DJANGO_CONTENT_TYPE (ID,APP_LABEL,MODEL) values (14,'Inicio','region');
Insert into HSC.DJANGO_CONTENT_TYPE (ID,APP_LABEL,MODEL) values (15,'Inicio','producto');
Insert into HSC.DJANGO_CONTENT_TYPE (ID,APP_LABEL,MODEL) values (16,'Inicio','modelo');
Insert into HSC.DJANGO_CONTENT_TYPE (ID,APP_LABEL,MODEL) values (17,'Inicio','direccion');
Insert into HSC.DJANGO_CONTENT_TYPE (ID,APP_LABEL,MODEL) values (18,'Inicio','detalle');
REM INSERTING into HSC.DJANGO_MIGRATIONS
SET DEFINE OFF;
Insert into HSC.DJANGO_MIGRATIONS (ID,APP,NAME,APPLIED) values (1,'Inicio','0001_initial',to_timestamp('01/06/22 00:48:33.772219000','DD/MM/RR HH24:MI:SSXFF'));
Insert into HSC.DJANGO_MIGRATIONS (ID,APP,NAME,APPLIED) values (2,'contenttypes','0001_initial',to_timestamp('01/06/22 00:48:33.969236000','DD/MM/RR HH24:MI:SSXFF'));
Insert into HSC.DJANGO_MIGRATIONS (ID,APP,NAME,APPLIED) values (3,'auth','0001_initial',to_timestamp('01/06/22 00:48:34.817247000','DD/MM/RR HH24:MI:SSXFF'));
Insert into HSC.DJANGO_MIGRATIONS (ID,APP,NAME,APPLIED) values (4,'admin','0001_initial',to_timestamp('01/06/22 00:48:35.083610000','DD/MM/RR HH24:MI:SSXFF'));
Insert into HSC.DJANGO_MIGRATIONS (ID,APP,NAME,APPLIED) values (5,'admin','0002_logentry_remove_auto_add',to_timestamp('01/06/22 00:48:35.171502000','DD/MM/RR HH24:MI:SSXFF'));
Insert into HSC.DJANGO_MIGRATIONS (ID,APP,NAME,APPLIED) values (6,'admin','0003_logentry_add_action_flag_choices',to_timestamp('01/06/22 00:48:35.242050000','DD/MM/RR HH24:MI:SSXFF'));
Insert into HSC.DJANGO_MIGRATIONS (ID,APP,NAME,APPLIED) values (7,'contenttypes','0002_remove_content_type_name',to_timestamp('01/06/22 00:48:36.252347000','DD/MM/RR HH24:MI:SSXFF'));
Insert into HSC.DJANGO_MIGRATIONS (ID,APP,NAME,APPLIED) values (8,'auth','0002_alter_permission_name_max_length',to_timestamp('01/06/22 00:48:36.367120000','DD/MM/RR HH24:MI:SSXFF'));
Insert into HSC.DJANGO_MIGRATIONS (ID,APP,NAME,APPLIED) values (9,'auth','0003_alter_user_email_max_length',to_timestamp('01/06/22 00:48:36.457964000','DD/MM/RR HH24:MI:SSXFF'));
Insert into HSC.DJANGO_MIGRATIONS (ID,APP,NAME,APPLIED) values (10,'auth','0004_alter_user_username_opts',to_timestamp('01/06/22 00:48:36.495406000','DD/MM/RR HH24:MI:SSXFF'));
Insert into HSC.DJANGO_MIGRATIONS (ID,APP,NAME,APPLIED) values (11,'auth','0005_alter_user_last_login_null',to_timestamp('01/06/22 00:48:36.579097000','DD/MM/RR HH24:MI:SSXFF'));
Insert into HSC.DJANGO_MIGRATIONS (ID,APP,NAME,APPLIED) values (12,'auth','0006_require_contenttypes_0002',to_timestamp('01/06/22 00:48:36.605269000','DD/MM/RR HH24:MI:SSXFF'));
Insert into HSC.DJANGO_MIGRATIONS (ID,APP,NAME,APPLIED) values (13,'auth','0007_alter_validators_add_error_messages',to_timestamp('01/06/22 00:48:36.668557000','DD/MM/RR HH24:MI:SSXFF'));
Insert into HSC.DJANGO_MIGRATIONS (ID,APP,NAME,APPLIED) values (14,'auth','0008_alter_user_username_max_length',to_timestamp('01/06/22 00:48:36.755586000','DD/MM/RR HH24:MI:SSXFF'));
Insert into HSC.DJANGO_MIGRATIONS (ID,APP,NAME,APPLIED) values (15,'auth','0009_alter_user_last_name_max_length',to_timestamp('01/06/22 00:48:36.829101000','DD/MM/RR HH24:MI:SSXFF'));
Insert into HSC.DJANGO_MIGRATIONS (ID,APP,NAME,APPLIED) values (16,'auth','0010_alter_group_name_max_length',to_timestamp('01/06/22 00:48:36.907107000','DD/MM/RR HH24:MI:SSXFF'));
Insert into HSC.DJANGO_MIGRATIONS (ID,APP,NAME,APPLIED) values (17,'auth','0011_update_proxy_permissions',to_timestamp('01/06/22 00:48:36.993299000','DD/MM/RR HH24:MI:SSXFF'));
Insert into HSC.DJANGO_MIGRATIONS (ID,APP,NAME,APPLIED) values (18,'auth','0012_alter_user_first_name_max_length',to_timestamp('01/06/22 00:48:37.115175000','DD/MM/RR HH24:MI:SSXFF'));
Insert into HSC.DJANGO_MIGRATIONS (ID,APP,NAME,APPLIED) values (19,'sessions','0001_initial',to_timestamp('01/06/22 00:48:37.236916000','DD/MM/RR HH24:MI:SSXFF'));
REM INSERTING into HSC.DJANGO_SESSION
SET DEFINE OFF;
Insert into HSC.DJANGO_SESSION (SESSION_KEY,EXPIRE_DATE) values ('0azsolek2x6wfzdb2rqokdq00d13jh86',to_timestamp('15/06/22 02:28:22.910687000','DD/MM/RR HH24:MI:SSXFF'));
Insert into HSC.DJANGO_SESSION (SESSION_KEY,EXPIRE_DATE) values ('vtwxrzz5488e93dq7biejazz1hr9atjm',to_timestamp('15/06/22 00:53:11.757692000','DD/MM/RR HH24:MI:SSXFF'));
REM INSERTING into HSC.INICIO_CATEGORIA
SET DEFINE OFF;
REM INSERTING into HSC.INICIO_COMUNA
SET DEFINE OFF;
Insert into HSC.INICIO_COMUNA (IDCOMUNA,NOMBRECOM) values (1,'Santiago');
REM INSERTING into HSC.INICIO_DETALLE
SET DEFINE OFF;
REM INSERTING into HSC.INICIO_DIRECCION
SET DEFINE OFF;
Insert into HSC.INICIO_DIRECCION (IDDIRECCION,REGION_ID,USUARIO_ID) values (1,1,'salas_si');
REM INSERTING into HSC.INICIO_MARCA
SET DEFINE OFF;
Insert into HSC.INICIO_MARCA (IDMARCA,NOMBREMARCA) values (1,'Razer');
Insert into HSC.INICIO_MARCA (IDMARCA,NOMBREMARCA) values (2,'HyperX');
Insert into HSC.INICIO_MARCA (IDMARCA,NOMBREMARCA) values (3,'Fifine');
Insert into HSC.INICIO_MARCA (IDMARCA,NOMBREMARCA) values (4,'Blue Yeti');
REM INSERTING into HSC.INICIO_PRODUCTO
SET DEFINE OFF;
Insert into HSC.INICIO_PRODUCTO (IDPRODUCTO,NOMBREPRODUCTO,PRECIOPRODUCTO,ESPECIFICACIONPROD,STOCKPROD,IMAGENPROD,MARCA_ID,TIPOPROD_ID) values (2,'HyperX Quadcast S RGB',119990,'El HyperX QuadCast es el micr?fono independiente todo incluido ideal para el aspirante a streamer o                 podcaster que busca un micr?fono de condensador con sonido de calidad. QuadCast viene con su propio                 soporte antivibraciones para ayudar a reducir los ruidos de la vida diaria y un filtro pop incorporado                 para amortiguar los molestos sonidos explosivos.',10,'productos/quad.jpg',2,1);
Insert into HSC.INICIO_PRODUCTO (IDPRODUCTO,NOMBREPRODUCTO,PRECIOPRODUCTO,ESPECIFICACIONPROD,STOCKPROD,IMAGENPROD,MARCA_ID,TIPOPROD_ID) values (1,'Razer Seriren Mini',47200,'Con el micr?fono Razer descubrir?s una nueva forma de captar y emitir audios                 Fiel reflejo de la realidad, ideal para varias actividadesz, te brindar? un sonido de calidad y conseguir?s la nitidez de las voces.',10,'productos/seireni.jpg',1,1);
Insert into HSC.INICIO_PRODUCTO (IDPRODUCTO,NOMBREPRODUCTO,PRECIOPRODUCTO,ESPECIFICACIONPROD,STOCKPROD,IMAGENPROD,MARCA_ID,TIPOPROD_ID) values (3,'Fifine K669B',37990,'Con el micr?fono Fifine descubrir?s una nueva forma de captar y emitir audios.                 Fiel reflejo de la realidad                 Ideal para varias actividades. Te brindar? un sonido de calidad y conseguir?s la nitidez de las voces.',10,'productos/fifain.jpg',3,1);
Insert into HSC.INICIO_PRODUCTO (IDPRODUCTO,NOMBREPRODUCTO,PRECIOPRODUCTO,ESPECIFICACIONPROD,STOCKPROD,IMAGENPROD,MARCA_ID,TIPOPROD_ID) values (4,'Hyper X Solocast',49990,'Con el micr?fono HyperX descubrir?s una nueva forma de captar y emitir audios.                 Fiel reflejo de la realidad                 Ideal para varias actividades. Te brindar? un sonido de calidad y conseguir?s la nitidez de las voces.',10,'productos/soloqi.jpg',2,1);
Insert into HSC.INICIO_PRODUCTO (IDPRODUCTO,NOMBREPRODUCTO,PRECIOPRODUCTO,ESPECIFICACIONPROD,STOCKPROD,IMAGENPROD,MARCA_ID,TIPOPROD_ID) values (5,'Blue Yeti Snowball',35990,'La comunicaci?n clara y poderosa es importante para todas las organizaciones. Los micr?fonos de Blue te                 permiten capturar y transmitir con una calidad de sonido sorprendente. Blue combina audio de calidad                 profesional con la simplicidad plug-and-play para ofrecer un rendimiento que est? a a?os luz de los                 micr?fonos integrados para port?tiles y c?maras.',10,'productos/snowball.png',4,1);
Insert into HSC.INICIO_PRODUCTO (IDPRODUCTO,NOMBREPRODUCTO,PRECIOPRODUCTO,ESPECIFICACIONPROD,STOCKPROD,IMAGENPROD,MARCA_ID,TIPOPROD_ID) values (6,'Blue Yeti Multipatron',89790,'La comunicaci?n clara y poderosa es importante para todas las organizaciones. Los micr?fonos de Blue te                 permiten capturar y transmitir con una calidad de sonido sorprendente. Blue combina audio de calidad                 profesional con la simplicidad plug-and-play para ofrecer un rendimiento que est? a a?os luz de los                 micr?fonos integrados para port?tiles y c?maras.',10,'productos/Blueyetii.png',4,1);
Insert into HSC.INICIO_PRODUCTO (IDPRODUCTO,NOMBREPRODUCTO,PRECIOPRODUCTO,ESPECIFICACIONPROD,STOCKPROD,IMAGENPROD,MARCA_ID,TIPOPROD_ID) values (7,'Fifine Ampligame',78490,'Sus caracter?sticas son su excelente sonido, con touch para darle silenciar el micr?fono y adem?s cuenta con RGB.                 Trae su propio tr?pode y adem?s cuenta con un cable USB hacia el computador y conexi?n tipo C hacia el micr?fono',10,'productos/ampligame.png',3,1);
Insert into HSC.INICIO_PRODUCTO (IDPRODUCTO,NOMBREPRODUCTO,PRECIOPRODUCTO,ESPECIFICACIONPROD,STOCKPROD,IMAGENPROD,MARCA_ID,TIPOPROD_ID) values (8,'Hyper X Quadcast RED',84990,'Con el micr?fono HyperX descubrir?s una nueva forma de captar y emitir audios.                 Fiel reflejo de la realidad                 Ideal para varias actividades. Te brindar? un sonido de calidad y conseguir?s la nitidez de las voces.',10,'productos/quadcastrojo_5gOLldr.png',2,1);
REM INSERTING into HSC.INICIO_REGION
SET DEFINE OFF;
Insert into HSC.INICIO_REGION (IDREGION,NOMBREREG,COMUNA_ID) values (1,'Metropolitana',1);
REM INSERTING into HSC.INICIO_TIPOPROD
SET DEFINE OFF;
Insert into HSC.INICIO_TIPOPROD (IDTIPOROD,NOMBRETIPOPROD) values (1,'Microfono');
Insert into HSC.INICIO_TIPOPROD (IDTIPOROD,NOMBRETIPOPROD) values (2,'Teclado');
Insert into HSC.INICIO_TIPOPROD (IDTIPOROD,NOMBRETIPOPROD) values (3,'Grafica');
Insert into HSC.INICIO_TIPOPROD (IDTIPOROD,NOMBRETIPOPROD) values (4,'Ram');
Insert into HSC.INICIO_TIPOPROD (IDTIPOROD,NOMBRETIPOPROD) values (5,'Mouse');
Insert into HSC.INICIO_TIPOPROD (IDTIPOROD,NOMBRETIPOPROD) values (6,'Procesador');
REM INSERTING into HSC.INICIO_TIPOUSUARIO
SET DEFINE OFF;
Insert into HSC.INICIO_TIPOUSUARIO (IDTIPOUSUARIO,NOMBRETIPO) values (1,'admin');
Insert into HSC.INICIO_TIPOUSUARIO (IDTIPOUSUARIO,NOMBRETIPO) values (2,'usuario');
REM INSERTING into HSC.INICIO_USUARIO
SET DEFINE OFF;
Insert into HSC.INICIO_USUARIO (USERNAME,CONTRASENNIA,NOMBRE,APELLIDO,EMAIL,TIPOUSUARIO_ID) values ('salas_si','2222','ignacio ','Pepe','saasdasd@asdasd.com',2);
Insert into HSC.INICIO_USUARIO (USERNAME,CONTRASENNIA,NOMBRE,APELLIDO,EMAIL,TIPOUSUARIO_ID) values ('admin','admin','admin','admin','admin@admin.com',1);
REM INSERTING into HSC.INICIO_VENTA
SET DEFINE OFF;
--------------------------------------------------------
--  DDL for Index AUTH_GROU_GROUP_ID__0CD325B0_U
--------------------------------------------------------

  CREATE UNIQUE INDEX "HSC"."AUTH_GROU_GROUP_ID__0CD325B0_U" ON "HSC"."AUTH_GROUP_PERMISSIONS" ("GROUP_ID", "PERMISSION_ID") 
  PCTFREE 10 INITRANS 2 MAXTRANS 255 COMPUTE STATISTICS 
  TABLESPACE "USERS" ;
--------------------------------------------------------
--  DDL for Index AUTH_GROUP_GROUP_ID_B120CBF9
--------------------------------------------------------

  CREATE INDEX "HSC"."AUTH_GROUP_GROUP_ID_B120CBF9" ON "HSC"."AUTH_GROUP_PERMISSIONS" ("GROUP_ID") 
  PCTFREE 10 INITRANS 2 MAXTRANS 255 COMPUTE STATISTICS 
  TABLESPACE "USERS" ;
--------------------------------------------------------
--  DDL for Index AUTH_GROUP_PERMISSION_84C5C92E
--------------------------------------------------------

  CREATE INDEX "HSC"."AUTH_GROUP_PERMISSION_84C5C92E" ON "HSC"."AUTH_GROUP_PERMISSIONS" ("PERMISSION_ID") 
  PCTFREE 10 INITRANS 2 MAXTRANS 255 COMPUTE STATISTICS 
  TABLESPACE "USERS" ;
--------------------------------------------------------
--  DDL for Index AUTH_PERM_CONTENT_T_01AB375A_U
--------------------------------------------------------

  CREATE UNIQUE INDEX "HSC"."AUTH_PERM_CONTENT_T_01AB375A_U" ON "HSC"."AUTH_PERMISSION" ("CONTENT_TYPE_ID", "CODENAME") 
  PCTFREE 10 INITRANS 2 MAXTRANS 255 COMPUTE STATISTICS 
  STORAGE(INITIAL 65536 NEXT 1048576 MINEXTENTS 1 MAXEXTENTS 2147483645
  PCTINCREASE 0 FREELISTS 1 FREELIST GROUPS 1
  BUFFER_POOL DEFAULT FLASH_CACHE DEFAULT CELL_FLASH_CACHE DEFAULT)
  TABLESPACE "USERS" ;
--------------------------------------------------------
--  DDL for Index AUTH_PERMI_CONTENT_TY_2F476E4B
--------------------------------------------------------

  CREATE INDEX "HSC"."AUTH_PERMI_CONTENT_TY_2F476E4B" ON "HSC"."AUTH_PERMISSION" ("CONTENT_TYPE_ID") 
  PCTFREE 10 INITRANS 2 MAXTRANS 255 COMPUTE STATISTICS 
  STORAGE(INITIAL 65536 NEXT 1048576 MINEXTENTS 1 MAXEXTENTS 2147483645
  PCTINCREASE 0 FREELISTS 1 FREELIST GROUPS 1
  BUFFER_POOL DEFAULT FLASH_CACHE DEFAULT CELL_FLASH_CACHE DEFAULT)
  TABLESPACE "USERS" ;
--------------------------------------------------------
--  DDL for Index AUTH_USER__GROUP_ID_97559544
--------------------------------------------------------

  CREATE INDEX "HSC"."AUTH_USER__GROUP_ID_97559544" ON "HSC"."AUTH_USER_GROUPS" ("GROUP_ID") 
  PCTFREE 10 INITRANS 2 MAXTRANS 255 COMPUTE STATISTICS 
  TABLESPACE "USERS" ;
--------------------------------------------------------
--  DDL for Index AUTH_USER__PERMISSION_1FBB5F2C
--------------------------------------------------------

  CREATE INDEX "HSC"."AUTH_USER__PERMISSION_1FBB5F2C" ON "HSC"."AUTH_USER_USER_PERMISSIONS" ("PERMISSION_ID") 
  PCTFREE 10 INITRANS 2 MAXTRANS 255 COMPUTE STATISTICS 
  TABLESPACE "USERS" ;
--------------------------------------------------------
--  DDL for Index AUTH_USER__USER_ID_A95EAD1B
--------------------------------------------------------

  CREATE INDEX "HSC"."AUTH_USER__USER_ID_A95EAD1B" ON "HSC"."AUTH_USER_USER_PERMISSIONS" ("USER_ID") 
  PCTFREE 10 INITRANS 2 MAXTRANS 255 COMPUTE STATISTICS 
  TABLESPACE "USERS" ;
--------------------------------------------------------
--  DDL for Index AUTH_USER_USER_ID_G_94350C0C_U
--------------------------------------------------------

  CREATE UNIQUE INDEX "HSC"."AUTH_USER_USER_ID_G_94350C0C_U" ON "HSC"."AUTH_USER_GROUPS" ("USER_ID", "GROUP_ID") 
  PCTFREE 10 INITRANS 2 MAXTRANS 255 COMPUTE STATISTICS 
  TABLESPACE "USERS" ;
--------------------------------------------------------
--  DDL for Index AUTH_USER_USER_ID_P_14A6B632_U
--------------------------------------------------------

  CREATE UNIQUE INDEX "HSC"."AUTH_USER_USER_ID_P_14A6B632_U" ON "HSC"."AUTH_USER_USER_PERMISSIONS" ("USER_ID", "PERMISSION_ID") 
  PCTFREE 10 INITRANS 2 MAXTRANS 255 COMPUTE STATISTICS 
  TABLESPACE "USERS" ;
--------------------------------------------------------
--  DDL for Index AUTH_USER__USER_ID_6A12ED8B
--------------------------------------------------------

  CREATE INDEX "HSC"."AUTH_USER__USER_ID_6A12ED8B" ON "HSC"."AUTH_USER_GROUPS" ("USER_ID") 
  PCTFREE 10 INITRANS 2 MAXTRANS 255 COMPUTE STATISTICS 
  TABLESPACE "USERS" ;
--------------------------------------------------------
--  DDL for Index DJANGO_ADM_CONTENT_TY_C4BCE8EB
--------------------------------------------------------

  CREATE INDEX "HSC"."DJANGO_ADM_CONTENT_TY_C4BCE8EB" ON "HSC"."DJANGO_ADMIN_LOG" ("CONTENT_TYPE_ID") 
  PCTFREE 10 INITRANS 2 MAXTRANS 255 COMPUTE STATISTICS 
  STORAGE(INITIAL 65536 NEXT 1048576 MINEXTENTS 1 MAXEXTENTS 2147483645
  PCTINCREASE 0 FREELISTS 1 FREELIST GROUPS 1
  BUFFER_POOL DEFAULT FLASH_CACHE DEFAULT CELL_FLASH_CACHE DEFAULT)
  TABLESPACE "USERS" ;
--------------------------------------------------------
--  DDL for Index DJANGO_ADM_USER_ID_C564EBA6
--------------------------------------------------------

  CREATE INDEX "HSC"."DJANGO_ADM_USER_ID_C564EBA6" ON "HSC"."DJANGO_ADMIN_LOG" ("USER_ID") 
  PCTFREE 10 INITRANS 2 MAXTRANS 255 COMPUTE STATISTICS 
  STORAGE(INITIAL 65536 NEXT 1048576 MINEXTENTS 1 MAXEXTENTS 2147483645
  PCTINCREASE 0 FREELISTS 1 FREELIST GROUPS 1
  BUFFER_POOL DEFAULT FLASH_CACHE DEFAULT CELL_FLASH_CACHE DEFAULT)
  TABLESPACE "USERS" ;
--------------------------------------------------------
--  DDL for Index DJANGO_CO_APP_LABEL_76BD3D3B_U
--------------------------------------------------------

  CREATE UNIQUE INDEX "HSC"."DJANGO_CO_APP_LABEL_76BD3D3B_U" ON "HSC"."DJANGO_CONTENT_TYPE" ("APP_LABEL", "MODEL") 
  PCTFREE 10 INITRANS 2 MAXTRANS 255 COMPUTE STATISTICS 
  STORAGE(INITIAL 65536 NEXT 1048576 MINEXTENTS 1 MAXEXTENTS 2147483645
  PCTINCREASE 0 FREELISTS 1 FREELIST GROUPS 1
  BUFFER_POOL DEFAULT FLASH_CACHE DEFAULT CELL_FLASH_CACHE DEFAULT)
  TABLESPACE "USERS" ;
--------------------------------------------------------
--  DDL for Index DJANGO_SES_EXPIRE_DAT_A5C62663
--------------------------------------------------------

  CREATE INDEX "HSC"."DJANGO_SES_EXPIRE_DAT_A5C62663" ON "HSC"."DJANGO_SESSION" ("EXPIRE_DATE") 
  PCTFREE 10 INITRANS 2 MAXTRANS 255 COMPUTE STATISTICS 
  STORAGE(INITIAL 65536 NEXT 1048576 MINEXTENTS 1 MAXEXTENTS 2147483645
  PCTINCREASE 0 FREELISTS 1 FREELIST GROUPS 1
  BUFFER_POOL DEFAULT FLASH_CACHE DEFAULT CELL_FLASH_CACHE DEFAULT)
  TABLESPACE "USERS" ;
--------------------------------------------------------
--  DDL for Index INICIO_DET_PRODUCTO_I_0023C3B4
--------------------------------------------------------

  CREATE INDEX "HSC"."INICIO_DET_PRODUCTO_I_0023C3B4" ON "HSC"."INICIO_DETALLE" ("PRODUCTO_ID") 
  PCTFREE 10 INITRANS 2 MAXTRANS 255 COMPUTE STATISTICS 
  TABLESPACE "USERS" ;
--------------------------------------------------------
--  DDL for Index INICIO_DET_VENTA_ID_50CBE654
--------------------------------------------------------

  CREATE INDEX "HSC"."INICIO_DET_VENTA_ID_50CBE654" ON "HSC"."INICIO_DETALLE" ("VENTA_ID") 
  PCTFREE 10 INITRANS 2 MAXTRANS 255 COMPUTE STATISTICS 
  TABLESPACE "USERS" ;
--------------------------------------------------------
--  DDL for Index INICIO_DIR_REGION_ID_2A8FE6B1
--------------------------------------------------------

  CREATE INDEX "HSC"."INICIO_DIR_REGION_ID_2A8FE6B1" ON "HSC"."INICIO_DIRECCION" ("REGION_ID") 
  PCTFREE 10 INITRANS 2 MAXTRANS 255 COMPUTE STATISTICS 
  STORAGE(INITIAL 65536 NEXT 1048576 MINEXTENTS 1 MAXEXTENTS 2147483645
  PCTINCREASE 0 FREELISTS 1 FREELIST GROUPS 1
  BUFFER_POOL DEFAULT FLASH_CACHE DEFAULT CELL_FLASH_CACHE DEFAULT)
  TABLESPACE "USERS" ;
--------------------------------------------------------
--  DDL for Index INICIO_DIR_USUARIO_ID_598A3257
--------------------------------------------------------

  CREATE INDEX "HSC"."INICIO_DIR_USUARIO_ID_598A3257" ON "HSC"."INICIO_DIRECCION" ("USUARIO_ID") 
  PCTFREE 10 INITRANS 2 MAXTRANS 255 COMPUTE STATISTICS 
  STORAGE(INITIAL 65536 NEXT 1048576 MINEXTENTS 1 MAXEXTENTS 2147483645
  PCTINCREASE 0 FREELISTS 1 FREELIST GROUPS 1
  BUFFER_POOL DEFAULT FLASH_CACHE DEFAULT CELL_FLASH_CACHE DEFAULT)
  TABLESPACE "USERS" ;
--------------------------------------------------------
--  DDL for Index INICIO_PRO_MARCA_ID_A04BEEDA
--------------------------------------------------------

  CREATE INDEX "HSC"."INICIO_PRO_MARCA_ID_A04BEEDA" ON "HSC"."INICIO_PRODUCTO" ("MARCA_ID") 
  PCTFREE 10 INITRANS 2 MAXTRANS 255 COMPUTE STATISTICS 
  STORAGE(INITIAL 65536 NEXT 1048576 MINEXTENTS 1 MAXEXTENTS 2147483645
  PCTINCREASE 0 FREELISTS 1 FREELIST GROUPS 1
  BUFFER_POOL DEFAULT FLASH_CACHE DEFAULT CELL_FLASH_CACHE DEFAULT)
  TABLESPACE "USERS" ;
--------------------------------------------------------
--  DDL for Index INICIO_PRO_TIPOPROD_I_98BB12C9
--------------------------------------------------------

  CREATE INDEX "HSC"."INICIO_PRO_TIPOPROD_I_98BB12C9" ON "HSC"."INICIO_PRODUCTO" ("TIPOPROD_ID") 
  PCTFREE 10 INITRANS 2 MAXTRANS 255 COMPUTE STATISTICS 
  STORAGE(INITIAL 65536 NEXT 1048576 MINEXTENTS 1 MAXEXTENTS 2147483645
  PCTINCREASE 0 FREELISTS 1 FREELIST GROUPS 1
  BUFFER_POOL DEFAULT FLASH_CACHE DEFAULT CELL_FLASH_CACHE DEFAULT)
  TABLESPACE "USERS" ;
--------------------------------------------------------
--  DDL for Index INICIO_REG_COMUNA_ID_DBD35DE5
--------------------------------------------------------

  CREATE INDEX "HSC"."INICIO_REG_COMUNA_ID_DBD35DE5" ON "HSC"."INICIO_REGION" ("COMUNA_ID") 
  PCTFREE 10 INITRANS 2 MAXTRANS 255 COMPUTE STATISTICS 
  STORAGE(INITIAL 65536 NEXT 1048576 MINEXTENTS 1 MAXEXTENTS 2147483645
  PCTINCREASE 0 FREELISTS 1 FREELIST GROUPS 1
  BUFFER_POOL DEFAULT FLASH_CACHE DEFAULT CELL_FLASH_CACHE DEFAULT)
  TABLESPACE "USERS" ;
--------------------------------------------------------
--  DDL for Index INICIO_USU_TIPOUSUARI_CC956262
--------------------------------------------------------

  CREATE INDEX "HSC"."INICIO_USU_TIPOUSUARI_CC956262" ON "HSC"."INICIO_USUARIO" ("TIPOUSUARIO_ID") 
  PCTFREE 10 INITRANS 2 MAXTRANS 255 COMPUTE STATISTICS 
  STORAGE(INITIAL 65536 NEXT 1048576 MINEXTENTS 1 MAXEXTENTS 2147483645
  PCTINCREASE 0 FREELISTS 1 FREELIST GROUPS 1
  BUFFER_POOL DEFAULT FLASH_CACHE DEFAULT CELL_FLASH_CACHE DEFAULT)
  TABLESPACE "USERS" ;
--------------------------------------------------------
--  DDL for Index INICIO_VEN_USUARIO_ID_81C581B1
--------------------------------------------------------

  CREATE INDEX "HSC"."INICIO_VEN_USUARIO_ID_81C581B1" ON "HSC"."INICIO_VENTA" ("USUARIO_ID") 
  PCTFREE 10 INITRANS 2 MAXTRANS 255 COMPUTE STATISTICS 
  TABLESPACE "USERS" ;
--------------------------------------------------------
--  DDL for Index SYS_C0012720
--------------------------------------------------------

  CREATE UNIQUE INDEX "HSC"."SYS_C0012720" ON "HSC"."DJANGO_MIGRATIONS" ("ID") 
  PCTFREE 10 INITRANS 2 MAXTRANS 255 COMPUTE STATISTICS 
  STORAGE(INITIAL 65536 NEXT 1048576 MINEXTENTS 1 MAXEXTENTS 2147483645
  PCTINCREASE 0 FREELISTS 1 FREELIST GROUPS 1
  BUFFER_POOL DEFAULT FLASH_CACHE DEFAULT CELL_FLASH_CACHE DEFAULT)
  TABLESPACE "USERS" ;
--------------------------------------------------------
--  DDL for Index SYS_C0012722
--------------------------------------------------------

  CREATE UNIQUE INDEX "HSC"."SYS_C0012722" ON "HSC"."INICIO_CATEGORIA" ("IDCATEGORIA") 
  PCTFREE 10 INITRANS 2 MAXTRANS 255 COMPUTE STATISTICS 
  TABLESPACE "USERS" ;
--------------------------------------------------------
--  DDL for Index SYS_C0012724
--------------------------------------------------------

  CREATE UNIQUE INDEX "HSC"."SYS_C0012724" ON "HSC"."INICIO_COMUNA" ("IDCOMUNA") 
  PCTFREE 10 INITRANS 2 MAXTRANS 255 COMPUTE STATISTICS 
  STORAGE(INITIAL 65536 NEXT 1048576 MINEXTENTS 1 MAXEXTENTS 2147483645
  PCTINCREASE 0 FREELISTS 1 FREELIST GROUPS 1
  BUFFER_POOL DEFAULT FLASH_CACHE DEFAULT CELL_FLASH_CACHE DEFAULT)
  TABLESPACE "USERS" ;
--------------------------------------------------------
--  DDL for Index SYS_C0012726
--------------------------------------------------------

  CREATE UNIQUE INDEX "HSC"."SYS_C0012726" ON "HSC"."INICIO_MARCA" ("IDMARCA") 
  PCTFREE 10 INITRANS 2 MAXTRANS 255 COMPUTE STATISTICS 
  STORAGE(INITIAL 65536 NEXT 1048576 MINEXTENTS 1 MAXEXTENTS 2147483645
  PCTINCREASE 0 FREELISTS 1 FREELIST GROUPS 1
  BUFFER_POOL DEFAULT FLASH_CACHE DEFAULT CELL_FLASH_CACHE DEFAULT)
  TABLESPACE "USERS" ;
--------------------------------------------------------
--  DDL for Index SYS_C0012728
--------------------------------------------------------

  CREATE UNIQUE INDEX "HSC"."SYS_C0012728" ON "HSC"."INICIO_TIPOPROD" ("IDTIPOROD") 
  PCTFREE 10 INITRANS 2 MAXTRANS 255 COMPUTE STATISTICS 
  STORAGE(INITIAL 65536 NEXT 1048576 MINEXTENTS 1 MAXEXTENTS 2147483645
  PCTINCREASE 0 FREELISTS 1 FREELIST GROUPS 1
  BUFFER_POOL DEFAULT FLASH_CACHE DEFAULT CELL_FLASH_CACHE DEFAULT)
  TABLESPACE "USERS" ;
--------------------------------------------------------
--  DDL for Index SYS_C0012730
--------------------------------------------------------

  CREATE UNIQUE INDEX "HSC"."SYS_C0012730" ON "HSC"."INICIO_TIPOUSUARIO" ("IDTIPOUSUARIO") 
  PCTFREE 10 INITRANS 2 MAXTRANS 255 COMPUTE STATISTICS 
  STORAGE(INITIAL 65536 NEXT 1048576 MINEXTENTS 1 MAXEXTENTS 2147483645
  PCTINCREASE 0 FREELISTS 1 FREELIST GROUPS 1
  BUFFER_POOL DEFAULT FLASH_CACHE DEFAULT CELL_FLASH_CACHE DEFAULT)
  TABLESPACE "USERS" ;
--------------------------------------------------------
--  DDL for Index SYS_C0012733
--------------------------------------------------------

  CREATE UNIQUE INDEX "HSC"."SYS_C0012733" ON "HSC"."INICIO_USUARIO" ("USERNAME") 
  PCTFREE 10 INITRANS 2 MAXTRANS 255 COMPUTE STATISTICS 
  STORAGE(INITIAL 65536 NEXT 1048576 MINEXTENTS 1 MAXEXTENTS 2147483645
  PCTINCREASE 0 FREELISTS 1 FREELIST GROUPS 1
  BUFFER_POOL DEFAULT FLASH_CACHE DEFAULT CELL_FLASH_CACHE DEFAULT)
  TABLESPACE "USERS" ;
--------------------------------------------------------
--  DDL for Index SYS_C0012737
--------------------------------------------------------

  CREATE UNIQUE INDEX "HSC"."SYS_C0012737" ON "HSC"."INICIO_VENTA" ("IDVENTA") 
  PCTFREE 10 INITRANS 2 MAXTRANS 255 COMPUTE STATISTICS 
  TABLESPACE "USERS" ;
--------------------------------------------------------
--  DDL for Index SYS_C0012739
--------------------------------------------------------

  CREATE UNIQUE INDEX "HSC"."SYS_C0012739" ON "HSC"."INICIO_REGION" ("IDREGION") 
  PCTFREE 10 INITRANS 2 MAXTRANS 255 COMPUTE STATISTICS 
  STORAGE(INITIAL 65536 NEXT 1048576 MINEXTENTS 1 MAXEXTENTS 2147483645
  PCTINCREASE 0 FREELISTS 1 FREELIST GROUPS 1
  BUFFER_POOL DEFAULT FLASH_CACHE DEFAULT CELL_FLASH_CACHE DEFAULT)
  TABLESPACE "USERS" ;
--------------------------------------------------------
--  DDL for Index SYS_C0012745
--------------------------------------------------------

  CREATE UNIQUE INDEX "HSC"."SYS_C0012745" ON "HSC"."INICIO_PRODUCTO" ("IDPRODUCTO") 
  PCTFREE 10 INITRANS 2 MAXTRANS 255 COMPUTE STATISTICS 
  STORAGE(INITIAL 65536 NEXT 1048576 MINEXTENTS 1 MAXEXTENTS 2147483645
  PCTINCREASE 0 FREELISTS 1 FREELIST GROUPS 1
  BUFFER_POOL DEFAULT FLASH_CACHE DEFAULT CELL_FLASH_CACHE DEFAULT)
  TABLESPACE "USERS" ;
--------------------------------------------------------
--  DDL for Index SYS_C0012751
--------------------------------------------------------

  CREATE UNIQUE INDEX "HSC"."SYS_C0012751" ON "HSC"."INICIO_DIRECCION" ("IDDIRECCION") 
  PCTFREE 10 INITRANS 2 MAXTRANS 255 COMPUTE STATISTICS 
  STORAGE(INITIAL 65536 NEXT 1048576 MINEXTENTS 1 MAXEXTENTS 2147483645
  PCTINCREASE 0 FREELISTS 1 FREELIST GROUPS 1
  BUFFER_POOL DEFAULT FLASH_CACHE DEFAULT CELL_FLASH_CACHE DEFAULT)
  TABLESPACE "USERS" ;
--------------------------------------------------------
--  DDL for Index SYS_C0012757
--------------------------------------------------------

  CREATE UNIQUE INDEX "HSC"."SYS_C0012757" ON "HSC"."INICIO_DETALLE" ("IDDETALLE") 
  PCTFREE 10 INITRANS 2 MAXTRANS 255 COMPUTE STATISTICS 
  TABLESPACE "USERS" ;
--------------------------------------------------------
--  DDL for Index SYS_C0012769
--------------------------------------------------------

  CREATE UNIQUE INDEX "HSC"."SYS_C0012769" ON "HSC"."DJANGO_CONTENT_TYPE" ("ID") 
  PCTFREE 10 INITRANS 2 MAXTRANS 255 COMPUTE STATISTICS 
  STORAGE(INITIAL 65536 NEXT 1048576 MINEXTENTS 1 MAXEXTENTS 2147483645
  PCTINCREASE 0 FREELISTS 1 FREELIST GROUPS 1
  BUFFER_POOL DEFAULT FLASH_CACHE DEFAULT CELL_FLASH_CACHE DEFAULT)
  TABLESPACE "USERS" ;
--------------------------------------------------------
--  DDL for Index SYS_C0012773
--------------------------------------------------------

  CREATE UNIQUE INDEX "HSC"."SYS_C0012773" ON "HSC"."AUTH_PERMISSION" ("ID") 
  PCTFREE 10 INITRANS 2 MAXTRANS 255 COMPUTE STATISTICS 
  STORAGE(INITIAL 65536 NEXT 1048576 MINEXTENTS 1 MAXEXTENTS 2147483645
  PCTINCREASE 0 FREELISTS 1 FREELIST GROUPS 1
  BUFFER_POOL DEFAULT FLASH_CACHE DEFAULT CELL_FLASH_CACHE DEFAULT)
  TABLESPACE "USERS" ;
--------------------------------------------------------
--  DDL for Index SYS_C0012775
--------------------------------------------------------

  CREATE UNIQUE INDEX "HSC"."SYS_C0012775" ON "HSC"."AUTH_GROUP" ("ID") 
  PCTFREE 10 INITRANS 2 MAXTRANS 255 COMPUTE STATISTICS 
  TABLESPACE "USERS" ;
--------------------------------------------------------
--  DDL for Index SYS_C0012776
--------------------------------------------------------

  CREATE UNIQUE INDEX "HSC"."SYS_C0012776" ON "HSC"."AUTH_GROUP" ("NAME") 
  PCTFREE 10 INITRANS 2 MAXTRANS 255 COMPUTE STATISTICS 
  TABLESPACE "USERS" ;
--------------------------------------------------------
--  DDL for Index SYS_C0012780
--------------------------------------------------------

  CREATE UNIQUE INDEX "HSC"."SYS_C0012780" ON "HSC"."AUTH_GROUP_PERMISSIONS" ("ID") 
  PCTFREE 10 INITRANS 2 MAXTRANS 255 COMPUTE STATISTICS 
  TABLESPACE "USERS" ;
--------------------------------------------------------
--  DDL for Index SYS_C0012790
--------------------------------------------------------

  CREATE UNIQUE INDEX "HSC"."SYS_C0012790" ON "HSC"."AUTH_USER" ("ID") 
  PCTFREE 10 INITRANS 2 MAXTRANS 255 COMPUTE STATISTICS 
  STORAGE(INITIAL 65536 NEXT 1048576 MINEXTENTS 1 MAXEXTENTS 2147483645
  PCTINCREASE 0 FREELISTS 1 FREELIST GROUPS 1
  BUFFER_POOL DEFAULT FLASH_CACHE DEFAULT CELL_FLASH_CACHE DEFAULT)
  TABLESPACE "USERS" ;
--------------------------------------------------------
--  DDL for Index SYS_C0012791
--------------------------------------------------------

  CREATE UNIQUE INDEX "HSC"."SYS_C0012791" ON "HSC"."AUTH_USER" ("USERNAME") 
  PCTFREE 10 INITRANS 2 MAXTRANS 255 COMPUTE STATISTICS 
  STORAGE(INITIAL 65536 NEXT 1048576 MINEXTENTS 1 MAXEXTENTS 2147483645
  PCTINCREASE 0 FREELISTS 1 FREELIST GROUPS 1
  BUFFER_POOL DEFAULT FLASH_CACHE DEFAULT CELL_FLASH_CACHE DEFAULT)
  TABLESPACE "USERS" ;
--------------------------------------------------------
--  DDL for Index SYS_C0012795
--------------------------------------------------------

  CREATE UNIQUE INDEX "HSC"."SYS_C0012795" ON "HSC"."AUTH_USER_GROUPS" ("ID") 
  PCTFREE 10 INITRANS 2 MAXTRANS 255 COMPUTE STATISTICS 
  TABLESPACE "USERS" ;
--------------------------------------------------------
--  DDL for Index SYS_C0012799
--------------------------------------------------------

  CREATE UNIQUE INDEX "HSC"."SYS_C0012799" ON "HSC"."AUTH_USER_USER_PERMISSIONS" ("ID") 
  PCTFREE 10 INITRANS 2 MAXTRANS 255 COMPUTE STATISTICS 
  TABLESPACE "USERS" ;
--------------------------------------------------------
--  DDL for Index SYS_C0012816
--------------------------------------------------------

  CREATE UNIQUE INDEX "HSC"."SYS_C0012816" ON "HSC"."DJANGO_ADMIN_LOG" ("ID") 
  PCTFREE 10 INITRANS 2 MAXTRANS 255 COMPUTE STATISTICS 
  STORAGE(INITIAL 65536 NEXT 1048576 MINEXTENTS 1 MAXEXTENTS 2147483645
  PCTINCREASE 0 FREELISTS 1 FREELIST GROUPS 1
  BUFFER_POOL DEFAULT FLASH_CACHE DEFAULT CELL_FLASH_CACHE DEFAULT)
  TABLESPACE "USERS" ;
--------------------------------------------------------
--  DDL for Index SYS_C0012821
--------------------------------------------------------

  CREATE UNIQUE INDEX "HSC"."SYS_C0012821" ON "HSC"."DJANGO_SESSION" ("SESSION_KEY") 
  PCTFREE 10 INITRANS 2 MAXTRANS 255 COMPUTE STATISTICS 
  STORAGE(INITIAL 65536 NEXT 1048576 MINEXTENTS 1 MAXEXTENTS 2147483645
  PCTINCREASE 0 FREELISTS 1 FREELIST GROUPS 1
  BUFFER_POOL DEFAULT FLASH_CACHE DEFAULT CELL_FLASH_CACHE DEFAULT)
  TABLESPACE "USERS" ;
--------------------------------------------------------
--  DDL for Index SYS_C0012775
--------------------------------------------------------

  CREATE UNIQUE INDEX "HSC"."SYS_C0012775" ON "HSC"."AUTH_GROUP" ("ID") 
  PCTFREE 10 INITRANS 2 MAXTRANS 255 COMPUTE STATISTICS 
  TABLESPACE "USERS" ;
--------------------------------------------------------
--  DDL for Index SYS_C0012776
--------------------------------------------------------

  CREATE UNIQUE INDEX "HSC"."SYS_C0012776" ON "HSC"."AUTH_GROUP" ("NAME") 
  PCTFREE 10 INITRANS 2 MAXTRANS 255 COMPUTE STATISTICS 
  TABLESPACE "USERS" ;
--------------------------------------------------------
--  DDL for Index SYS_C0012780
--------------------------------------------------------

  CREATE UNIQUE INDEX "HSC"."SYS_C0012780" ON "HSC"."AUTH_GROUP_PERMISSIONS" ("ID") 
  PCTFREE 10 INITRANS 2 MAXTRANS 255 COMPUTE STATISTICS 
  TABLESPACE "USERS" ;
--------------------------------------------------------
--  DDL for Index AUTH_GROU_GROUP_ID__0CD325B0_U
--------------------------------------------------------

  CREATE UNIQUE INDEX "HSC"."AUTH_GROU_GROUP_ID__0CD325B0_U" ON "HSC"."AUTH_GROUP_PERMISSIONS" ("GROUP_ID", "PERMISSION_ID") 
  PCTFREE 10 INITRANS 2 MAXTRANS 255 COMPUTE STATISTICS 
  TABLESPACE "USERS" ;
--------------------------------------------------------
--  DDL for Index AUTH_GROUP_GROUP_ID_B120CBF9
--------------------------------------------------------

  CREATE INDEX "HSC"."AUTH_GROUP_GROUP_ID_B120CBF9" ON "HSC"."AUTH_GROUP_PERMISSIONS" ("GROUP_ID") 
  PCTFREE 10 INITRANS 2 MAXTRANS 255 COMPUTE STATISTICS 
  TABLESPACE "USERS" ;
--------------------------------------------------------
--  DDL for Index AUTH_GROUP_PERMISSION_84C5C92E
--------------------------------------------------------

  CREATE INDEX "HSC"."AUTH_GROUP_PERMISSION_84C5C92E" ON "HSC"."AUTH_GROUP_PERMISSIONS" ("PERMISSION_ID") 
  PCTFREE 10 INITRANS 2 MAXTRANS 255 COMPUTE STATISTICS 
  TABLESPACE "USERS" ;
--------------------------------------------------------
--  DDL for Index SYS_C0012773
--------------------------------------------------------

  CREATE UNIQUE INDEX "HSC"."SYS_C0012773" ON "HSC"."AUTH_PERMISSION" ("ID") 
  PCTFREE 10 INITRANS 2 MAXTRANS 255 COMPUTE STATISTICS 
  STORAGE(INITIAL 65536 NEXT 1048576 MINEXTENTS 1 MAXEXTENTS 2147483645
  PCTINCREASE 0 FREELISTS 1 FREELIST GROUPS 1
  BUFFER_POOL DEFAULT FLASH_CACHE DEFAULT CELL_FLASH_CACHE DEFAULT)
  TABLESPACE "USERS" ;
--------------------------------------------------------
--  DDL for Index AUTH_PERM_CONTENT_T_01AB375A_U
--------------------------------------------------------

  CREATE UNIQUE INDEX "HSC"."AUTH_PERM_CONTENT_T_01AB375A_U" ON "HSC"."AUTH_PERMISSION" ("CONTENT_TYPE_ID", "CODENAME") 
  PCTFREE 10 INITRANS 2 MAXTRANS 255 COMPUTE STATISTICS 
  STORAGE(INITIAL 65536 NEXT 1048576 MINEXTENTS 1 MAXEXTENTS 2147483645
  PCTINCREASE 0 FREELISTS 1 FREELIST GROUPS 1
  BUFFER_POOL DEFAULT FLASH_CACHE DEFAULT CELL_FLASH_CACHE DEFAULT)
  TABLESPACE "USERS" ;
--------------------------------------------------------
--  DDL for Index AUTH_PERMI_CONTENT_TY_2F476E4B
--------------------------------------------------------

  CREATE INDEX "HSC"."AUTH_PERMI_CONTENT_TY_2F476E4B" ON "HSC"."AUTH_PERMISSION" ("CONTENT_TYPE_ID") 
  PCTFREE 10 INITRANS 2 MAXTRANS 255 COMPUTE STATISTICS 
  STORAGE(INITIAL 65536 NEXT 1048576 MINEXTENTS 1 MAXEXTENTS 2147483645
  PCTINCREASE 0 FREELISTS 1 FREELIST GROUPS 1
  BUFFER_POOL DEFAULT FLASH_CACHE DEFAULT CELL_FLASH_CACHE DEFAULT)
  TABLESPACE "USERS" ;
--------------------------------------------------------
--  DDL for Index SYS_C0012790
--------------------------------------------------------

  CREATE UNIQUE INDEX "HSC"."SYS_C0012790" ON "HSC"."AUTH_USER" ("ID") 
  PCTFREE 10 INITRANS 2 MAXTRANS 255 COMPUTE STATISTICS 
  STORAGE(INITIAL 65536 NEXT 1048576 MINEXTENTS 1 MAXEXTENTS 2147483645
  PCTINCREASE 0 FREELISTS 1 FREELIST GROUPS 1
  BUFFER_POOL DEFAULT FLASH_CACHE DEFAULT CELL_FLASH_CACHE DEFAULT)
  TABLESPACE "USERS" ;
--------------------------------------------------------
--  DDL for Index SYS_C0012791
--------------------------------------------------------

  CREATE UNIQUE INDEX "HSC"."SYS_C0012791" ON "HSC"."AUTH_USER" ("USERNAME") 
  PCTFREE 10 INITRANS 2 MAXTRANS 255 COMPUTE STATISTICS 
  STORAGE(INITIAL 65536 NEXT 1048576 MINEXTENTS 1 MAXEXTENTS 2147483645
  PCTINCREASE 0 FREELISTS 1 FREELIST GROUPS 1
  BUFFER_POOL DEFAULT FLASH_CACHE DEFAULT CELL_FLASH_CACHE DEFAULT)
  TABLESPACE "USERS" ;
--------------------------------------------------------
--  DDL for Index SYS_C0012795
--------------------------------------------------------

  CREATE UNIQUE INDEX "HSC"."SYS_C0012795" ON "HSC"."AUTH_USER_GROUPS" ("ID") 
  PCTFREE 10 INITRANS 2 MAXTRANS 255 COMPUTE STATISTICS 
  TABLESPACE "USERS" ;
--------------------------------------------------------
--  DDL for Index AUTH_USER_USER_ID_G_94350C0C_U
--------------------------------------------------------

  CREATE UNIQUE INDEX "HSC"."AUTH_USER_USER_ID_G_94350C0C_U" ON "HSC"."AUTH_USER_GROUPS" ("USER_ID", "GROUP_ID") 
  PCTFREE 10 INITRANS 2 MAXTRANS 255 COMPUTE STATISTICS 
  TABLESPACE "USERS" ;
--------------------------------------------------------
--  DDL for Index AUTH_USER__USER_ID_6A12ED8B
--------------------------------------------------------

  CREATE INDEX "HSC"."AUTH_USER__USER_ID_6A12ED8B" ON "HSC"."AUTH_USER_GROUPS" ("USER_ID") 
  PCTFREE 10 INITRANS 2 MAXTRANS 255 COMPUTE STATISTICS 
  TABLESPACE "USERS" ;
--------------------------------------------------------
--  DDL for Index AUTH_USER__GROUP_ID_97559544
--------------------------------------------------------

  CREATE INDEX "HSC"."AUTH_USER__GROUP_ID_97559544" ON "HSC"."AUTH_USER_GROUPS" ("GROUP_ID") 
  PCTFREE 10 INITRANS 2 MAXTRANS 255 COMPUTE STATISTICS 
  TABLESPACE "USERS" ;
--------------------------------------------------------
--  DDL for Index SYS_C0012799
--------------------------------------------------------

  CREATE UNIQUE INDEX "HSC"."SYS_C0012799" ON "HSC"."AUTH_USER_USER_PERMISSIONS" ("ID") 
  PCTFREE 10 INITRANS 2 MAXTRANS 255 COMPUTE STATISTICS 
  TABLESPACE "USERS" ;
--------------------------------------------------------
--  DDL for Index AUTH_USER_USER_ID_P_14A6B632_U
--------------------------------------------------------

  CREATE UNIQUE INDEX "HSC"."AUTH_USER_USER_ID_P_14A6B632_U" ON "HSC"."AUTH_USER_USER_PERMISSIONS" ("USER_ID", "PERMISSION_ID") 
  PCTFREE 10 INITRANS 2 MAXTRANS 255 COMPUTE STATISTICS 
  TABLESPACE "USERS" ;
--------------------------------------------------------
--  DDL for Index AUTH_USER__USER_ID_A95EAD1B
--------------------------------------------------------

  CREATE INDEX "HSC"."AUTH_USER__USER_ID_A95EAD1B" ON "HSC"."AUTH_USER_USER_PERMISSIONS" ("USER_ID") 
  PCTFREE 10 INITRANS 2 MAXTRANS 255 COMPUTE STATISTICS 
  TABLESPACE "USERS" ;
--------------------------------------------------------
--  DDL for Index AUTH_USER__PERMISSION_1FBB5F2C
--------------------------------------------------------

  CREATE INDEX "HSC"."AUTH_USER__PERMISSION_1FBB5F2C" ON "HSC"."AUTH_USER_USER_PERMISSIONS" ("PERMISSION_ID") 
  PCTFREE 10 INITRANS 2 MAXTRANS 255 COMPUTE STATISTICS 
  TABLESPACE "USERS" ;
--------------------------------------------------------
--  DDL for Index SYS_C0012816
--------------------------------------------------------

  CREATE UNIQUE INDEX "HSC"."SYS_C0012816" ON "HSC"."DJANGO_ADMIN_LOG" ("ID") 
  PCTFREE 10 INITRANS 2 MAXTRANS 255 COMPUTE STATISTICS 
  STORAGE(INITIAL 65536 NEXT 1048576 MINEXTENTS 1 MAXEXTENTS 2147483645
  PCTINCREASE 0 FREELISTS 1 FREELIST GROUPS 1
  BUFFER_POOL DEFAULT FLASH_CACHE DEFAULT CELL_FLASH_CACHE DEFAULT)
  TABLESPACE "USERS" ;
--------------------------------------------------------
--  DDL for Index DJANGO_ADM_CONTENT_TY_C4BCE8EB
--------------------------------------------------------

  CREATE INDEX "HSC"."DJANGO_ADM_CONTENT_TY_C4BCE8EB" ON "HSC"."DJANGO_ADMIN_LOG" ("CONTENT_TYPE_ID") 
  PCTFREE 10 INITRANS 2 MAXTRANS 255 COMPUTE STATISTICS 
  STORAGE(INITIAL 65536 NEXT 1048576 MINEXTENTS 1 MAXEXTENTS 2147483645
  PCTINCREASE 0 FREELISTS 1 FREELIST GROUPS 1
  BUFFER_POOL DEFAULT FLASH_CACHE DEFAULT CELL_FLASH_CACHE DEFAULT)
  TABLESPACE "USERS" ;
--------------------------------------------------------
--  DDL for Index DJANGO_ADM_USER_ID_C564EBA6
--------------------------------------------------------

  CREATE INDEX "HSC"."DJANGO_ADM_USER_ID_C564EBA6" ON "HSC"."DJANGO_ADMIN_LOG" ("USER_ID") 
  PCTFREE 10 INITRANS 2 MAXTRANS 255 COMPUTE STATISTICS 
  STORAGE(INITIAL 65536 NEXT 1048576 MINEXTENTS 1 MAXEXTENTS 2147483645
  PCTINCREASE 0 FREELISTS 1 FREELIST GROUPS 1
  BUFFER_POOL DEFAULT FLASH_CACHE DEFAULT CELL_FLASH_CACHE DEFAULT)
  TABLESPACE "USERS" ;
--------------------------------------------------------
--  DDL for Index SYS_C0012769
--------------------------------------------------------

  CREATE UNIQUE INDEX "HSC"."SYS_C0012769" ON "HSC"."DJANGO_CONTENT_TYPE" ("ID") 
  PCTFREE 10 INITRANS 2 MAXTRANS 255 COMPUTE STATISTICS 
  STORAGE(INITIAL 65536 NEXT 1048576 MINEXTENTS 1 MAXEXTENTS 2147483645
  PCTINCREASE 0 FREELISTS 1 FREELIST GROUPS 1
  BUFFER_POOL DEFAULT FLASH_CACHE DEFAULT CELL_FLASH_CACHE DEFAULT)
  TABLESPACE "USERS" ;
--------------------------------------------------------
--  DDL for Index DJANGO_CO_APP_LABEL_76BD3D3B_U
--------------------------------------------------------

  CREATE UNIQUE INDEX "HSC"."DJANGO_CO_APP_LABEL_76BD3D3B_U" ON "HSC"."DJANGO_CONTENT_TYPE" ("APP_LABEL", "MODEL") 
  PCTFREE 10 INITRANS 2 MAXTRANS 255 COMPUTE STATISTICS 
  STORAGE(INITIAL 65536 NEXT 1048576 MINEXTENTS 1 MAXEXTENTS 2147483645
  PCTINCREASE 0 FREELISTS 1 FREELIST GROUPS 1
  BUFFER_POOL DEFAULT FLASH_CACHE DEFAULT CELL_FLASH_CACHE DEFAULT)
  TABLESPACE "USERS" ;
--------------------------------------------------------
--  DDL for Index SYS_C0012720
--------------------------------------------------------

  CREATE UNIQUE INDEX "HSC"."SYS_C0012720" ON "HSC"."DJANGO_MIGRATIONS" ("ID") 
  PCTFREE 10 INITRANS 2 MAXTRANS 255 COMPUTE STATISTICS 
  STORAGE(INITIAL 65536 NEXT 1048576 MINEXTENTS 1 MAXEXTENTS 2147483645
  PCTINCREASE 0 FREELISTS 1 FREELIST GROUPS 1
  BUFFER_POOL DEFAULT FLASH_CACHE DEFAULT CELL_FLASH_CACHE DEFAULT)
  TABLESPACE "USERS" ;
--------------------------------------------------------
--  DDL for Index SYS_C0012821
--------------------------------------------------------

  CREATE UNIQUE INDEX "HSC"."SYS_C0012821" ON "HSC"."DJANGO_SESSION" ("SESSION_KEY") 
  PCTFREE 10 INITRANS 2 MAXTRANS 255 COMPUTE STATISTICS 
  STORAGE(INITIAL 65536 NEXT 1048576 MINEXTENTS 1 MAXEXTENTS 2147483645
  PCTINCREASE 0 FREELISTS 1 FREELIST GROUPS 1
  BUFFER_POOL DEFAULT FLASH_CACHE DEFAULT CELL_FLASH_CACHE DEFAULT)
  TABLESPACE "USERS" ;
--------------------------------------------------------
--  DDL for Index DJANGO_SES_EXPIRE_DAT_A5C62663
--------------------------------------------------------

  CREATE INDEX "HSC"."DJANGO_SES_EXPIRE_DAT_A5C62663" ON "HSC"."DJANGO_SESSION" ("EXPIRE_DATE") 
  PCTFREE 10 INITRANS 2 MAXTRANS 255 COMPUTE STATISTICS 
  STORAGE(INITIAL 65536 NEXT 1048576 MINEXTENTS 1 MAXEXTENTS 2147483645
  PCTINCREASE 0 FREELISTS 1 FREELIST GROUPS 1
  BUFFER_POOL DEFAULT FLASH_CACHE DEFAULT CELL_FLASH_CACHE DEFAULT)
  TABLESPACE "USERS" ;
--------------------------------------------------------
--  DDL for Index SYS_C0012722
--------------------------------------------------------

  CREATE UNIQUE INDEX "HSC"."SYS_C0012722" ON "HSC"."INICIO_CATEGORIA" ("IDCATEGORIA") 
  PCTFREE 10 INITRANS 2 MAXTRANS 255 COMPUTE STATISTICS 
  TABLESPACE "USERS" ;
--------------------------------------------------------
--  DDL for Index SYS_C0012724
--------------------------------------------------------

  CREATE UNIQUE INDEX "HSC"."SYS_C0012724" ON "HSC"."INICIO_COMUNA" ("IDCOMUNA") 
  PCTFREE 10 INITRANS 2 MAXTRANS 255 COMPUTE STATISTICS 
  STORAGE(INITIAL 65536 NEXT 1048576 MINEXTENTS 1 MAXEXTENTS 2147483645
  PCTINCREASE 0 FREELISTS 1 FREELIST GROUPS 1
  BUFFER_POOL DEFAULT FLASH_CACHE DEFAULT CELL_FLASH_CACHE DEFAULT)
  TABLESPACE "USERS" ;
--------------------------------------------------------
--  DDL for Index SYS_C0012757
--------------------------------------------------------

  CREATE UNIQUE INDEX "HSC"."SYS_C0012757" ON "HSC"."INICIO_DETALLE" ("IDDETALLE") 
  PCTFREE 10 INITRANS 2 MAXTRANS 255 COMPUTE STATISTICS 
  TABLESPACE "USERS" ;
--------------------------------------------------------
--  DDL for Index INICIO_DET_PRODUCTO_I_0023C3B4
--------------------------------------------------------

  CREATE INDEX "HSC"."INICIO_DET_PRODUCTO_I_0023C3B4" ON "HSC"."INICIO_DETALLE" ("PRODUCTO_ID") 
  PCTFREE 10 INITRANS 2 MAXTRANS 255 COMPUTE STATISTICS 
  TABLESPACE "USERS" ;
--------------------------------------------------------
--  DDL for Index INICIO_DET_VENTA_ID_50CBE654
--------------------------------------------------------

  CREATE INDEX "HSC"."INICIO_DET_VENTA_ID_50CBE654" ON "HSC"."INICIO_DETALLE" ("VENTA_ID") 
  PCTFREE 10 INITRANS 2 MAXTRANS 255 COMPUTE STATISTICS 
  TABLESPACE "USERS" ;
--------------------------------------------------------
--  DDL for Index SYS_C0012751
--------------------------------------------------------

  CREATE UNIQUE INDEX "HSC"."SYS_C0012751" ON "HSC"."INICIO_DIRECCION" ("IDDIRECCION") 
  PCTFREE 10 INITRANS 2 MAXTRANS 255 COMPUTE STATISTICS 
  STORAGE(INITIAL 65536 NEXT 1048576 MINEXTENTS 1 MAXEXTENTS 2147483645
  PCTINCREASE 0 FREELISTS 1 FREELIST GROUPS 1
  BUFFER_POOL DEFAULT FLASH_CACHE DEFAULT CELL_FLASH_CACHE DEFAULT)
  TABLESPACE "USERS" ;
--------------------------------------------------------
--  DDL for Index INICIO_DIR_REGION_ID_2A8FE6B1
--------------------------------------------------------

  CREATE INDEX "HSC"."INICIO_DIR_REGION_ID_2A8FE6B1" ON "HSC"."INICIO_DIRECCION" ("REGION_ID") 
  PCTFREE 10 INITRANS 2 MAXTRANS 255 COMPUTE STATISTICS 
  STORAGE(INITIAL 65536 NEXT 1048576 MINEXTENTS 1 MAXEXTENTS 2147483645
  PCTINCREASE 0 FREELISTS 1 FREELIST GROUPS 1
  BUFFER_POOL DEFAULT FLASH_CACHE DEFAULT CELL_FLASH_CACHE DEFAULT)
  TABLESPACE "USERS" ;
--------------------------------------------------------
--  DDL for Index INICIO_DIR_USUARIO_ID_598A3257
--------------------------------------------------------

  CREATE INDEX "HSC"."INICIO_DIR_USUARIO_ID_598A3257" ON "HSC"."INICIO_DIRECCION" ("USUARIO_ID") 
  PCTFREE 10 INITRANS 2 MAXTRANS 255 COMPUTE STATISTICS 
  STORAGE(INITIAL 65536 NEXT 1048576 MINEXTENTS 1 MAXEXTENTS 2147483645
  PCTINCREASE 0 FREELISTS 1 FREELIST GROUPS 1
  BUFFER_POOL DEFAULT FLASH_CACHE DEFAULT CELL_FLASH_CACHE DEFAULT)
  TABLESPACE "USERS" ;
--------------------------------------------------------
--  DDL for Index SYS_C0012726
--------------------------------------------------------

  CREATE UNIQUE INDEX "HSC"."SYS_C0012726" ON "HSC"."INICIO_MARCA" ("IDMARCA") 
  PCTFREE 10 INITRANS 2 MAXTRANS 255 COMPUTE STATISTICS 
  STORAGE(INITIAL 65536 NEXT 1048576 MINEXTENTS 1 MAXEXTENTS 2147483645
  PCTINCREASE 0 FREELISTS 1 FREELIST GROUPS 1
  BUFFER_POOL DEFAULT FLASH_CACHE DEFAULT CELL_FLASH_CACHE DEFAULT)
  TABLESPACE "USERS" ;
--------------------------------------------------------
--  DDL for Index SYS_C0012745
--------------------------------------------------------

  CREATE UNIQUE INDEX "HSC"."SYS_C0012745" ON "HSC"."INICIO_PRODUCTO" ("IDPRODUCTO") 
  PCTFREE 10 INITRANS 2 MAXTRANS 255 COMPUTE STATISTICS 
  STORAGE(INITIAL 65536 NEXT 1048576 MINEXTENTS 1 MAXEXTENTS 2147483645
  PCTINCREASE 0 FREELISTS 1 FREELIST GROUPS 1
  BUFFER_POOL DEFAULT FLASH_CACHE DEFAULT CELL_FLASH_CACHE DEFAULT)
  TABLESPACE "USERS" ;
--------------------------------------------------------
--  DDL for Index INICIO_PRO_MARCA_ID_A04BEEDA
--------------------------------------------------------

  CREATE INDEX "HSC"."INICIO_PRO_MARCA_ID_A04BEEDA" ON "HSC"."INICIO_PRODUCTO" ("MARCA_ID") 
  PCTFREE 10 INITRANS 2 MAXTRANS 255 COMPUTE STATISTICS 
  STORAGE(INITIAL 65536 NEXT 1048576 MINEXTENTS 1 MAXEXTENTS 2147483645
  PCTINCREASE 0 FREELISTS 1 FREELIST GROUPS 1
  BUFFER_POOL DEFAULT FLASH_CACHE DEFAULT CELL_FLASH_CACHE DEFAULT)
  TABLESPACE "USERS" ;
--------------------------------------------------------
--  DDL for Index INICIO_PRO_TIPOPROD_I_98BB12C9
--------------------------------------------------------

  CREATE INDEX "HSC"."INICIO_PRO_TIPOPROD_I_98BB12C9" ON "HSC"."INICIO_PRODUCTO" ("TIPOPROD_ID") 
  PCTFREE 10 INITRANS 2 MAXTRANS 255 COMPUTE STATISTICS 
  STORAGE(INITIAL 65536 NEXT 1048576 MINEXTENTS 1 MAXEXTENTS 2147483645
  PCTINCREASE 0 FREELISTS 1 FREELIST GROUPS 1
  BUFFER_POOL DEFAULT FLASH_CACHE DEFAULT CELL_FLASH_CACHE DEFAULT)
  TABLESPACE "USERS" ;
--------------------------------------------------------
--  DDL for Index SYS_C0012739
--------------------------------------------------------

  CREATE UNIQUE INDEX "HSC"."SYS_C0012739" ON "HSC"."INICIO_REGION" ("IDREGION") 
  PCTFREE 10 INITRANS 2 MAXTRANS 255 COMPUTE STATISTICS 
  STORAGE(INITIAL 65536 NEXT 1048576 MINEXTENTS 1 MAXEXTENTS 2147483645
  PCTINCREASE 0 FREELISTS 1 FREELIST GROUPS 1
  BUFFER_POOL DEFAULT FLASH_CACHE DEFAULT CELL_FLASH_CACHE DEFAULT)
  TABLESPACE "USERS" ;
--------------------------------------------------------
--  DDL for Index INICIO_REG_COMUNA_ID_DBD35DE5
--------------------------------------------------------

  CREATE INDEX "HSC"."INICIO_REG_COMUNA_ID_DBD35DE5" ON "HSC"."INICIO_REGION" ("COMUNA_ID") 
  PCTFREE 10 INITRANS 2 MAXTRANS 255 COMPUTE STATISTICS 
  STORAGE(INITIAL 65536 NEXT 1048576 MINEXTENTS 1 MAXEXTENTS 2147483645
  PCTINCREASE 0 FREELISTS 1 FREELIST GROUPS 1
  BUFFER_POOL DEFAULT FLASH_CACHE DEFAULT CELL_FLASH_CACHE DEFAULT)
  TABLESPACE "USERS" ;
--------------------------------------------------------
--  DDL for Index SYS_C0012728
--------------------------------------------------------

  CREATE UNIQUE INDEX "HSC"."SYS_C0012728" ON "HSC"."INICIO_TIPOPROD" ("IDTIPOROD") 
  PCTFREE 10 INITRANS 2 MAXTRANS 255 COMPUTE STATISTICS 
  STORAGE(INITIAL 65536 NEXT 1048576 MINEXTENTS 1 MAXEXTENTS 2147483645
  PCTINCREASE 0 FREELISTS 1 FREELIST GROUPS 1
  BUFFER_POOL DEFAULT FLASH_CACHE DEFAULT CELL_FLASH_CACHE DEFAULT)
  TABLESPACE "USERS" ;
--------------------------------------------------------
--  DDL for Index SYS_C0012730
--------------------------------------------------------

  CREATE UNIQUE INDEX "HSC"."SYS_C0012730" ON "HSC"."INICIO_TIPOUSUARIO" ("IDTIPOUSUARIO") 
  PCTFREE 10 INITRANS 2 MAXTRANS 255 COMPUTE STATISTICS 
  STORAGE(INITIAL 65536 NEXT 1048576 MINEXTENTS 1 MAXEXTENTS 2147483645
  PCTINCREASE 0 FREELISTS 1 FREELIST GROUPS 1
  BUFFER_POOL DEFAULT FLASH_CACHE DEFAULT CELL_FLASH_CACHE DEFAULT)
  TABLESPACE "USERS" ;
--------------------------------------------------------
--  DDL for Index SYS_C0012733
--------------------------------------------------------

  CREATE UNIQUE INDEX "HSC"."SYS_C0012733" ON "HSC"."INICIO_USUARIO" ("USERNAME") 
  PCTFREE 10 INITRANS 2 MAXTRANS 255 COMPUTE STATISTICS 
  STORAGE(INITIAL 65536 NEXT 1048576 MINEXTENTS 1 MAXEXTENTS 2147483645
  PCTINCREASE 0 FREELISTS 1 FREELIST GROUPS 1
  BUFFER_POOL DEFAULT FLASH_CACHE DEFAULT CELL_FLASH_CACHE DEFAULT)
  TABLESPACE "USERS" ;
--------------------------------------------------------
--  DDL for Index INICIO_USU_TIPOUSUARI_CC956262
--------------------------------------------------------

  CREATE INDEX "HSC"."INICIO_USU_TIPOUSUARI_CC956262" ON "HSC"."INICIO_USUARIO" ("TIPOUSUARIO_ID") 
  PCTFREE 10 INITRANS 2 MAXTRANS 255 COMPUTE STATISTICS 
  STORAGE(INITIAL 65536 NEXT 1048576 MINEXTENTS 1 MAXEXTENTS 2147483645
  PCTINCREASE 0 FREELISTS 1 FREELIST GROUPS 1
  BUFFER_POOL DEFAULT FLASH_CACHE DEFAULT CELL_FLASH_CACHE DEFAULT)
  TABLESPACE "USERS" ;
--------------------------------------------------------
--  DDL for Index SYS_C0012737
--------------------------------------------------------

  CREATE UNIQUE INDEX "HSC"."SYS_C0012737" ON "HSC"."INICIO_VENTA" ("IDVENTA") 
  PCTFREE 10 INITRANS 2 MAXTRANS 255 COMPUTE STATISTICS 
  TABLESPACE "USERS" ;
--------------------------------------------------------
--  DDL for Index INICIO_VEN_USUARIO_ID_81C581B1
--------------------------------------------------------

  CREATE INDEX "HSC"."INICIO_VEN_USUARIO_ID_81C581B1" ON "HSC"."INICIO_VENTA" ("USUARIO_ID") 
  PCTFREE 10 INITRANS 2 MAXTRANS 255 COMPUTE STATISTICS 
  TABLESPACE "USERS" ;
--------------------------------------------------------
--  Constraints for Table AUTH_GROUP
--------------------------------------------------------

  ALTER TABLE "HSC"."AUTH_GROUP" MODIFY ("ID" NOT NULL ENABLE);
  ALTER TABLE "HSC"."AUTH_GROUP" ADD PRIMARY KEY ("ID")
  USING INDEX PCTFREE 10 INITRANS 2 MAXTRANS 255 COMPUTE STATISTICS 
  TABLESPACE "USERS"  ENABLE;
  ALTER TABLE "HSC"."AUTH_GROUP" ADD UNIQUE ("NAME")
  USING INDEX PCTFREE 10 INITRANS 2 MAXTRANS 255 COMPUTE STATISTICS 
  TABLESPACE "USERS"  ENABLE;
--------------------------------------------------------
--  Constraints for Table AUTH_GROUP_PERMISSIONS
--------------------------------------------------------

  ALTER TABLE "HSC"."AUTH_GROUP_PERMISSIONS" MODIFY ("ID" NOT NULL ENABLE);
  ALTER TABLE "HSC"."AUTH_GROUP_PERMISSIONS" MODIFY ("GROUP_ID" NOT NULL ENABLE);
  ALTER TABLE "HSC"."AUTH_GROUP_PERMISSIONS" MODIFY ("PERMISSION_ID" NOT NULL ENABLE);
  ALTER TABLE "HSC"."AUTH_GROUP_PERMISSIONS" ADD PRIMARY KEY ("ID")
  USING INDEX PCTFREE 10 INITRANS 2 MAXTRANS 255 COMPUTE STATISTICS 
  TABLESPACE "USERS"  ENABLE;
  ALTER TABLE "HSC"."AUTH_GROUP_PERMISSIONS" ADD CONSTRAINT "AUTH_GROU_GROUP_ID__0CD325B0_U" UNIQUE ("GROUP_ID", "PERMISSION_ID")
  USING INDEX PCTFREE 10 INITRANS 2 MAXTRANS 255 COMPUTE STATISTICS 
  TABLESPACE "USERS"  ENABLE;
--------------------------------------------------------
--  Constraints for Table AUTH_PERMISSION
--------------------------------------------------------

  ALTER TABLE "HSC"."AUTH_PERMISSION" MODIFY ("ID" NOT NULL ENABLE);
  ALTER TABLE "HSC"."AUTH_PERMISSION" MODIFY ("CONTENT_TYPE_ID" NOT NULL ENABLE);
  ALTER TABLE "HSC"."AUTH_PERMISSION" ADD PRIMARY KEY ("ID")
  USING INDEX PCTFREE 10 INITRANS 2 MAXTRANS 255 COMPUTE STATISTICS 
  STORAGE(INITIAL 65536 NEXT 1048576 MINEXTENTS 1 MAXEXTENTS 2147483645
  PCTINCREASE 0 FREELISTS 1 FREELIST GROUPS 1
  BUFFER_POOL DEFAULT FLASH_CACHE DEFAULT CELL_FLASH_CACHE DEFAULT)
  TABLESPACE "USERS"  ENABLE;
  ALTER TABLE "HSC"."AUTH_PERMISSION" ADD CONSTRAINT "AUTH_PERM_CONTENT_T_01AB375A_U" UNIQUE ("CONTENT_TYPE_ID", "CODENAME")
  USING INDEX PCTFREE 10 INITRANS 2 MAXTRANS 255 COMPUTE STATISTICS 
  STORAGE(INITIAL 65536 NEXT 1048576 MINEXTENTS 1 MAXEXTENTS 2147483645
  PCTINCREASE 0 FREELISTS 1 FREELIST GROUPS 1
  BUFFER_POOL DEFAULT FLASH_CACHE DEFAULT CELL_FLASH_CACHE DEFAULT)
  TABLESPACE "USERS"  ENABLE;
--------------------------------------------------------
--  Constraints for Table AUTH_USER
--------------------------------------------------------

  ALTER TABLE "HSC"."AUTH_USER" MODIFY ("ID" NOT NULL ENABLE);
  ALTER TABLE "HSC"."AUTH_USER" MODIFY ("IS_SUPERUSER" NOT NULL ENABLE);
  ALTER TABLE "HSC"."AUTH_USER" MODIFY ("IS_STAFF" NOT NULL ENABLE);
  ALTER TABLE "HSC"."AUTH_USER" MODIFY ("IS_ACTIVE" NOT NULL ENABLE);
  ALTER TABLE "HSC"."AUTH_USER" MODIFY ("DATE_JOINED" NOT NULL ENABLE);
  ALTER TABLE "HSC"."AUTH_USER" ADD CHECK ("IS_SUPERUSER" IN (0,1)) ENABLE;
  ALTER TABLE "HSC"."AUTH_USER" ADD CHECK ("IS_STAFF" IN (0,1)) ENABLE;
  ALTER TABLE "HSC"."AUTH_USER" ADD CHECK ("IS_ACTIVE" IN (0,1)) ENABLE;
  ALTER TABLE "HSC"."AUTH_USER" ADD PRIMARY KEY ("ID")
  USING INDEX PCTFREE 10 INITRANS 2 MAXTRANS 255 COMPUTE STATISTICS 
  STORAGE(INITIAL 65536 NEXT 1048576 MINEXTENTS 1 MAXEXTENTS 2147483645
  PCTINCREASE 0 FREELISTS 1 FREELIST GROUPS 1
  BUFFER_POOL DEFAULT FLASH_CACHE DEFAULT CELL_FLASH_CACHE DEFAULT)
  TABLESPACE "USERS"  ENABLE;
  ALTER TABLE "HSC"."AUTH_USER" ADD UNIQUE ("USERNAME")
  USING INDEX PCTFREE 10 INITRANS 2 MAXTRANS 255 COMPUTE STATISTICS 
  STORAGE(INITIAL 65536 NEXT 1048576 MINEXTENTS 1 MAXEXTENTS 2147483645
  PCTINCREASE 0 FREELISTS 1 FREELIST GROUPS 1
  BUFFER_POOL DEFAULT FLASH_CACHE DEFAULT CELL_FLASH_CACHE DEFAULT)
  TABLESPACE "USERS"  ENABLE;
--------------------------------------------------------
--  Constraints for Table AUTH_USER_GROUPS
--------------------------------------------------------

  ALTER TABLE "HSC"."AUTH_USER_GROUPS" MODIFY ("ID" NOT NULL ENABLE);
  ALTER TABLE "HSC"."AUTH_USER_GROUPS" MODIFY ("USER_ID" NOT NULL ENABLE);
  ALTER TABLE "HSC"."AUTH_USER_GROUPS" MODIFY ("GROUP_ID" NOT NULL ENABLE);
  ALTER TABLE "HSC"."AUTH_USER_GROUPS" ADD PRIMARY KEY ("ID")
  USING INDEX PCTFREE 10 INITRANS 2 MAXTRANS 255 COMPUTE STATISTICS 
  TABLESPACE "USERS"  ENABLE;
  ALTER TABLE "HSC"."AUTH_USER_GROUPS" ADD CONSTRAINT "AUTH_USER_USER_ID_G_94350C0C_U" UNIQUE ("USER_ID", "GROUP_ID")
  USING INDEX PCTFREE 10 INITRANS 2 MAXTRANS 255 COMPUTE STATISTICS 
  TABLESPACE "USERS"  ENABLE;
--------------------------------------------------------
--  Constraints for Table AUTH_USER_USER_PERMISSIONS
--------------------------------------------------------

  ALTER TABLE "HSC"."AUTH_USER_USER_PERMISSIONS" MODIFY ("ID" NOT NULL ENABLE);
  ALTER TABLE "HSC"."AUTH_USER_USER_PERMISSIONS" MODIFY ("USER_ID" NOT NULL ENABLE);
  ALTER TABLE "HSC"."AUTH_USER_USER_PERMISSIONS" MODIFY ("PERMISSION_ID" NOT NULL ENABLE);
  ALTER TABLE "HSC"."AUTH_USER_USER_PERMISSIONS" ADD PRIMARY KEY ("ID")
  USING INDEX PCTFREE 10 INITRANS 2 MAXTRANS 255 COMPUTE STATISTICS 
  TABLESPACE "USERS"  ENABLE;
  ALTER TABLE "HSC"."AUTH_USER_USER_PERMISSIONS" ADD CONSTRAINT "AUTH_USER_USER_ID_P_14A6B632_U" UNIQUE ("USER_ID", "PERMISSION_ID")
  USING INDEX PCTFREE 10 INITRANS 2 MAXTRANS 255 COMPUTE STATISTICS 
  TABLESPACE "USERS"  ENABLE;
--------------------------------------------------------
--  Constraints for Table DJANGO_ADMIN_LOG
--------------------------------------------------------

  ALTER TABLE "HSC"."DJANGO_ADMIN_LOG" MODIFY ("ID" NOT NULL ENABLE);
  ALTER TABLE "HSC"."DJANGO_ADMIN_LOG" MODIFY ("ACTION_TIME" NOT NULL ENABLE);
  ALTER TABLE "HSC"."DJANGO_ADMIN_LOG" MODIFY ("ACTION_FLAG" NOT NULL ENABLE);
  ALTER TABLE "HSC"."DJANGO_ADMIN_LOG" MODIFY ("USER_ID" NOT NULL ENABLE);
  ALTER TABLE "HSC"."DJANGO_ADMIN_LOG" ADD CHECK ("ACTION_FLAG" >= 0) ENABLE;
  ALTER TABLE "HSC"."DJANGO_ADMIN_LOG" ADD PRIMARY KEY ("ID")
  USING INDEX PCTFREE 10 INITRANS 2 MAXTRANS 255 COMPUTE STATISTICS 
  STORAGE(INITIAL 65536 NEXT 1048576 MINEXTENTS 1 MAXEXTENTS 2147483645
  PCTINCREASE 0 FREELISTS 1 FREELIST GROUPS 1
  BUFFER_POOL DEFAULT FLASH_CACHE DEFAULT CELL_FLASH_CACHE DEFAULT)
  TABLESPACE "USERS"  ENABLE;
--------------------------------------------------------
--  Constraints for Table DJANGO_CONTENT_TYPE
--------------------------------------------------------

  ALTER TABLE "HSC"."DJANGO_CONTENT_TYPE" MODIFY ("ID" NOT NULL ENABLE);
  ALTER TABLE "HSC"."DJANGO_CONTENT_TYPE" ADD PRIMARY KEY ("ID")
  USING INDEX PCTFREE 10 INITRANS 2 MAXTRANS 255 COMPUTE STATISTICS 
  STORAGE(INITIAL 65536 NEXT 1048576 MINEXTENTS 1 MAXEXTENTS 2147483645
  PCTINCREASE 0 FREELISTS 1 FREELIST GROUPS 1
  BUFFER_POOL DEFAULT FLASH_CACHE DEFAULT CELL_FLASH_CACHE DEFAULT)
  TABLESPACE "USERS"  ENABLE;
  ALTER TABLE "HSC"."DJANGO_CONTENT_TYPE" ADD CONSTRAINT "DJANGO_CO_APP_LABEL_76BD3D3B_U" UNIQUE ("APP_LABEL", "MODEL")
  USING INDEX PCTFREE 10 INITRANS 2 MAXTRANS 255 COMPUTE STATISTICS 
  STORAGE(INITIAL 65536 NEXT 1048576 MINEXTENTS 1 MAXEXTENTS 2147483645
  PCTINCREASE 0 FREELISTS 1 FREELIST GROUPS 1
  BUFFER_POOL DEFAULT FLASH_CACHE DEFAULT CELL_FLASH_CACHE DEFAULT)
  TABLESPACE "USERS"  ENABLE;
--------------------------------------------------------
--  Constraints for Table DJANGO_MIGRATIONS
--------------------------------------------------------

  ALTER TABLE "HSC"."DJANGO_MIGRATIONS" MODIFY ("ID" NOT NULL ENABLE);
  ALTER TABLE "HSC"."DJANGO_MIGRATIONS" MODIFY ("APPLIED" NOT NULL ENABLE);
  ALTER TABLE "HSC"."DJANGO_MIGRATIONS" ADD PRIMARY KEY ("ID")
  USING INDEX PCTFREE 10 INITRANS 2 MAXTRANS 255 COMPUTE STATISTICS 
  STORAGE(INITIAL 65536 NEXT 1048576 MINEXTENTS 1 MAXEXTENTS 2147483645
  PCTINCREASE 0 FREELISTS 1 FREELIST GROUPS 1
  BUFFER_POOL DEFAULT FLASH_CACHE DEFAULT CELL_FLASH_CACHE DEFAULT)
  TABLESPACE "USERS"  ENABLE;
--------------------------------------------------------
--  Constraints for Table DJANGO_SESSION
--------------------------------------------------------

  ALTER TABLE "HSC"."DJANGO_SESSION" MODIFY ("SESSION_KEY" NOT NULL ENABLE);
  ALTER TABLE "HSC"."DJANGO_SESSION" MODIFY ("EXPIRE_DATE" NOT NULL ENABLE);
  ALTER TABLE "HSC"."DJANGO_SESSION" ADD PRIMARY KEY ("SESSION_KEY")
  USING INDEX PCTFREE 10 INITRANS 2 MAXTRANS 255 COMPUTE STATISTICS 
  STORAGE(INITIAL 65536 NEXT 1048576 MINEXTENTS 1 MAXEXTENTS 2147483645
  PCTINCREASE 0 FREELISTS 1 FREELIST GROUPS 1
  BUFFER_POOL DEFAULT FLASH_CACHE DEFAULT CELL_FLASH_CACHE DEFAULT)
  TABLESPACE "USERS"  ENABLE;
--------------------------------------------------------
--  Constraints for Table INICIO_CATEGORIA
--------------------------------------------------------

  ALTER TABLE "HSC"."INICIO_CATEGORIA" MODIFY ("IDCATEGORIA" NOT NULL ENABLE);
  ALTER TABLE "HSC"."INICIO_CATEGORIA" ADD PRIMARY KEY ("IDCATEGORIA")
  USING INDEX PCTFREE 10 INITRANS 2 MAXTRANS 255 COMPUTE STATISTICS 
  TABLESPACE "USERS"  ENABLE;
--------------------------------------------------------
--  Constraints for Table INICIO_COMUNA
--------------------------------------------------------

  ALTER TABLE "HSC"."INICIO_COMUNA" MODIFY ("IDCOMUNA" NOT NULL ENABLE);
  ALTER TABLE "HSC"."INICIO_COMUNA" ADD PRIMARY KEY ("IDCOMUNA")
  USING INDEX PCTFREE 10 INITRANS 2 MAXTRANS 255 COMPUTE STATISTICS 
  STORAGE(INITIAL 65536 NEXT 1048576 MINEXTENTS 1 MAXEXTENTS 2147483645
  PCTINCREASE 0 FREELISTS 1 FREELIST GROUPS 1
  BUFFER_POOL DEFAULT FLASH_CACHE DEFAULT CELL_FLASH_CACHE DEFAULT)
  TABLESPACE "USERS"  ENABLE;
--------------------------------------------------------
--  Constraints for Table INICIO_DETALLE
--------------------------------------------------------

  ALTER TABLE "HSC"."INICIO_DETALLE" MODIFY ("IDDETALLE" NOT NULL ENABLE);
  ALTER TABLE "HSC"."INICIO_DETALLE" MODIFY ("CANTIDAD" NOT NULL ENABLE);
  ALTER TABLE "HSC"."INICIO_DETALLE" MODIFY ("SUBTOTAL" NOT NULL ENABLE);
  ALTER TABLE "HSC"."INICIO_DETALLE" MODIFY ("PRODUCTO_ID" NOT NULL ENABLE);
  ALTER TABLE "HSC"."INICIO_DETALLE" MODIFY ("VENTA_ID" NOT NULL ENABLE);
  ALTER TABLE "HSC"."INICIO_DETALLE" ADD PRIMARY KEY ("IDDETALLE")
  USING INDEX PCTFREE 10 INITRANS 2 MAXTRANS 255 COMPUTE STATISTICS 
  TABLESPACE "USERS"  ENABLE;
--------------------------------------------------------
--  Constraints for Table INICIO_DIRECCION
--------------------------------------------------------

  ALTER TABLE "HSC"."INICIO_DIRECCION" MODIFY ("IDDIRECCION" NOT NULL ENABLE);
  ALTER TABLE "HSC"."INICIO_DIRECCION" MODIFY ("USUARIO_ID" NOT NULL ENABLE);
  ALTER TABLE "HSC"."INICIO_DIRECCION" ADD PRIMARY KEY ("IDDIRECCION")
  USING INDEX PCTFREE 10 INITRANS 2 MAXTRANS 255 COMPUTE STATISTICS 
  STORAGE(INITIAL 65536 NEXT 1048576 MINEXTENTS 1 MAXEXTENTS 2147483645
  PCTINCREASE 0 FREELISTS 1 FREELIST GROUPS 1
  BUFFER_POOL DEFAULT FLASH_CACHE DEFAULT CELL_FLASH_CACHE DEFAULT)
  TABLESPACE "USERS"  ENABLE;
--------------------------------------------------------
--  Constraints for Table INICIO_MARCA
--------------------------------------------------------

  ALTER TABLE "HSC"."INICIO_MARCA" MODIFY ("IDMARCA" NOT NULL ENABLE);
  ALTER TABLE "HSC"."INICIO_MARCA" ADD PRIMARY KEY ("IDMARCA")
  USING INDEX PCTFREE 10 INITRANS 2 MAXTRANS 255 COMPUTE STATISTICS 
  STORAGE(INITIAL 65536 NEXT 1048576 MINEXTENTS 1 MAXEXTENTS 2147483645
  PCTINCREASE 0 FREELISTS 1 FREELIST GROUPS 1
  BUFFER_POOL DEFAULT FLASH_CACHE DEFAULT CELL_FLASH_CACHE DEFAULT)
  TABLESPACE "USERS"  ENABLE;
--------------------------------------------------------
--  Constraints for Table INICIO_PRODUCTO
--------------------------------------------------------

  ALTER TABLE "HSC"."INICIO_PRODUCTO" MODIFY ("IDPRODUCTO" NOT NULL ENABLE);
  ALTER TABLE "HSC"."INICIO_PRODUCTO" MODIFY ("PRECIOPRODUCTO" NOT NULL ENABLE);
  ALTER TABLE "HSC"."INICIO_PRODUCTO" MODIFY ("STOCKPROD" NOT NULL ENABLE);
  ALTER TABLE "HSC"."INICIO_PRODUCTO" MODIFY ("MARCA_ID" NOT NULL ENABLE);
  ALTER TABLE "HSC"."INICIO_PRODUCTO" MODIFY ("TIPOPROD_ID" NOT NULL ENABLE);
  ALTER TABLE "HSC"."INICIO_PRODUCTO" ADD PRIMARY KEY ("IDPRODUCTO")
  USING INDEX PCTFREE 10 INITRANS 2 MAXTRANS 255 COMPUTE STATISTICS 
  STORAGE(INITIAL 65536 NEXT 1048576 MINEXTENTS 1 MAXEXTENTS 2147483645
  PCTINCREASE 0 FREELISTS 1 FREELIST GROUPS 1
  BUFFER_POOL DEFAULT FLASH_CACHE DEFAULT CELL_FLASH_CACHE DEFAULT)
  TABLESPACE "USERS"  ENABLE;
--------------------------------------------------------
--  Constraints for Table INICIO_REGION
--------------------------------------------------------

  ALTER TABLE "HSC"."INICIO_REGION" MODIFY ("IDREGION" NOT NULL ENABLE);
  ALTER TABLE "HSC"."INICIO_REGION" ADD PRIMARY KEY ("IDREGION")
  USING INDEX PCTFREE 10 INITRANS 2 MAXTRANS 255 COMPUTE STATISTICS 
  STORAGE(INITIAL 65536 NEXT 1048576 MINEXTENTS 1 MAXEXTENTS 2147483645
  PCTINCREASE 0 FREELISTS 1 FREELIST GROUPS 1
  BUFFER_POOL DEFAULT FLASH_CACHE DEFAULT CELL_FLASH_CACHE DEFAULT)
  TABLESPACE "USERS"  ENABLE;
--------------------------------------------------------
--  Constraints for Table INICIO_TIPOPROD
--------------------------------------------------------

  ALTER TABLE "HSC"."INICIO_TIPOPROD" MODIFY ("IDTIPOROD" NOT NULL ENABLE);
  ALTER TABLE "HSC"."INICIO_TIPOPROD" ADD PRIMARY KEY ("IDTIPOROD")
  USING INDEX PCTFREE 10 INITRANS 2 MAXTRANS 255 COMPUTE STATISTICS 
  STORAGE(INITIAL 65536 NEXT 1048576 MINEXTENTS 1 MAXEXTENTS 2147483645
  PCTINCREASE 0 FREELISTS 1 FREELIST GROUPS 1
  BUFFER_POOL DEFAULT FLASH_CACHE DEFAULT CELL_FLASH_CACHE DEFAULT)
  TABLESPACE "USERS"  ENABLE;
--------------------------------------------------------
--  Constraints for Table INICIO_TIPOUSUARIO
--------------------------------------------------------

  ALTER TABLE "HSC"."INICIO_TIPOUSUARIO" MODIFY ("IDTIPOUSUARIO" NOT NULL ENABLE);
  ALTER TABLE "HSC"."INICIO_TIPOUSUARIO" ADD PRIMARY KEY ("IDTIPOUSUARIO")
  USING INDEX PCTFREE 10 INITRANS 2 MAXTRANS 255 COMPUTE STATISTICS 
  STORAGE(INITIAL 65536 NEXT 1048576 MINEXTENTS 1 MAXEXTENTS 2147483645
  PCTINCREASE 0 FREELISTS 1 FREELIST GROUPS 1
  BUFFER_POOL DEFAULT FLASH_CACHE DEFAULT CELL_FLASH_CACHE DEFAULT)
  TABLESPACE "USERS"  ENABLE;
--------------------------------------------------------
--  Constraints for Table INICIO_USUARIO
--------------------------------------------------------

  ALTER TABLE "HSC"."INICIO_USUARIO" MODIFY ("USERNAME" NOT NULL ENABLE);
  ALTER TABLE "HSC"."INICIO_USUARIO" MODIFY ("TIPOUSUARIO_ID" NOT NULL ENABLE);
  ALTER TABLE "HSC"."INICIO_USUARIO" ADD PRIMARY KEY ("USERNAME")
  USING INDEX PCTFREE 10 INITRANS 2 MAXTRANS 255 COMPUTE STATISTICS 
  STORAGE(INITIAL 65536 NEXT 1048576 MINEXTENTS 1 MAXEXTENTS 2147483645
  PCTINCREASE 0 FREELISTS 1 FREELIST GROUPS 1
  BUFFER_POOL DEFAULT FLASH_CACHE DEFAULT CELL_FLASH_CACHE DEFAULT)
  TABLESPACE "USERS"  ENABLE;
--------------------------------------------------------
--  Constraints for Table INICIO_VENTA
--------------------------------------------------------

  ALTER TABLE "HSC"."INICIO_VENTA" MODIFY ("IDVENTA" NOT NULL ENABLE);
  ALTER TABLE "HSC"."INICIO_VENTA" MODIFY ("FECHAVENTA" NOT NULL ENABLE);
  ALTER TABLE "HSC"."INICIO_VENTA" MODIFY ("USUARIO_ID" NOT NULL ENABLE);
  ALTER TABLE "HSC"."INICIO_VENTA" ADD PRIMARY KEY ("IDVENTA")
  USING INDEX PCTFREE 10 INITRANS 2 MAXTRANS 255 COMPUTE STATISTICS 
  TABLESPACE "USERS"  ENABLE;
--------------------------------------------------------
--  Ref Constraints for Table AUTH_GROUP_PERMISSIONS
--------------------------------------------------------

  ALTER TABLE "HSC"."AUTH_GROUP_PERMISSIONS" ADD CONSTRAINT "AUTH_GROU_GROUP_ID_B120CBF9_F" FOREIGN KEY ("GROUP_ID")
	  REFERENCES "HSC"."AUTH_GROUP" ("ID") DEFERRABLE INITIALLY DEFERRED ENABLE;
  ALTER TABLE "HSC"."AUTH_GROUP_PERMISSIONS" ADD CONSTRAINT "AUTH_GROU_PERMISSIO_84C5C92E_F" FOREIGN KEY ("PERMISSION_ID")
	  REFERENCES "HSC"."AUTH_PERMISSION" ("ID") DEFERRABLE INITIALLY DEFERRED ENABLE;
--------------------------------------------------------
--  Ref Constraints for Table AUTH_PERMISSION
--------------------------------------------------------

  ALTER TABLE "HSC"."AUTH_PERMISSION" ADD CONSTRAINT "AUTH_PERM_CONTENT_T_2F476E4B_F" FOREIGN KEY ("CONTENT_TYPE_ID")
	  REFERENCES "HSC"."DJANGO_CONTENT_TYPE" ("ID") DEFERRABLE INITIALLY DEFERRED ENABLE;
--------------------------------------------------------
--  Ref Constraints for Table AUTH_USER_GROUPS
--------------------------------------------------------

  ALTER TABLE "HSC"."AUTH_USER_GROUPS" ADD CONSTRAINT "AUTH_USER_USER_ID_6A12ED8B_F" FOREIGN KEY ("USER_ID")
	  REFERENCES "HSC"."AUTH_USER" ("ID") DEFERRABLE INITIALLY DEFERRED ENABLE;
  ALTER TABLE "HSC"."AUTH_USER_GROUPS" ADD CONSTRAINT "AUTH_USER_GROUP_ID_97559544_F" FOREIGN KEY ("GROUP_ID")
	  REFERENCES "HSC"."AUTH_GROUP" ("ID") DEFERRABLE INITIALLY DEFERRED ENABLE;
--------------------------------------------------------
--  Ref Constraints for Table AUTH_USER_USER_PERMISSIONS
--------------------------------------------------------

  ALTER TABLE "HSC"."AUTH_USER_USER_PERMISSIONS" ADD CONSTRAINT "AUTH_USER_USER_ID_A95EAD1B_F" FOREIGN KEY ("USER_ID")
	  REFERENCES "HSC"."AUTH_USER" ("ID") DEFERRABLE INITIALLY DEFERRED ENABLE;
  ALTER TABLE "HSC"."AUTH_USER_USER_PERMISSIONS" ADD CONSTRAINT "AUTH_USER_PERMISSIO_1FBB5F2C_F" FOREIGN KEY ("PERMISSION_ID")
	  REFERENCES "HSC"."AUTH_PERMISSION" ("ID") DEFERRABLE INITIALLY DEFERRED ENABLE;
--------------------------------------------------------
--  Ref Constraints for Table DJANGO_ADMIN_LOG
--------------------------------------------------------

  ALTER TABLE "HSC"."DJANGO_ADMIN_LOG" ADD CONSTRAINT "DJANGO_AD_CONTENT_T_C4BCE8EB_F" FOREIGN KEY ("CONTENT_TYPE_ID")
	  REFERENCES "HSC"."DJANGO_CONTENT_TYPE" ("ID") DEFERRABLE INITIALLY DEFERRED ENABLE;
  ALTER TABLE "HSC"."DJANGO_ADMIN_LOG" ADD CONSTRAINT "DJANGO_AD_USER_ID_C564EBA6_F" FOREIGN KEY ("USER_ID")
	  REFERENCES "HSC"."AUTH_USER" ("ID") DEFERRABLE INITIALLY DEFERRED ENABLE;
--------------------------------------------------------
--  Ref Constraints for Table INICIO_DETALLE
--------------------------------------------------------

  ALTER TABLE "HSC"."INICIO_DETALLE" ADD CONSTRAINT "INICIO_DE_PRODUCTO__0023C3B4_F" FOREIGN KEY ("PRODUCTO_ID")
	  REFERENCES "HSC"."INICIO_PRODUCTO" ("IDPRODUCTO") DEFERRABLE INITIALLY DEFERRED ENABLE;
  ALTER TABLE "HSC"."INICIO_DETALLE" ADD CONSTRAINT "INICIO_DE_VENTA_ID_50CBE654_F" FOREIGN KEY ("VENTA_ID")
	  REFERENCES "HSC"."INICIO_VENTA" ("IDVENTA") DEFERRABLE INITIALLY DEFERRED ENABLE;
--------------------------------------------------------
--  Ref Constraints for Table INICIO_DIRECCION
--------------------------------------------------------

  ALTER TABLE "HSC"."INICIO_DIRECCION" ADD CONSTRAINT "INICIO_DI_REGION_ID_2A8FE6B1_F" FOREIGN KEY ("REGION_ID")
	  REFERENCES "HSC"."INICIO_REGION" ("IDREGION") DEFERRABLE INITIALLY DEFERRED ENABLE;
  ALTER TABLE "HSC"."INICIO_DIRECCION" ADD CONSTRAINT "INICIO_DI_USUARIO_I_598A3257_F" FOREIGN KEY ("USUARIO_ID")
	  REFERENCES "HSC"."INICIO_USUARIO" ("USERNAME") DEFERRABLE INITIALLY DEFERRED ENABLE;
--------------------------------------------------------
--  Ref Constraints for Table INICIO_PRODUCTO
--------------------------------------------------------

  ALTER TABLE "HSC"."INICIO_PRODUCTO" ADD CONSTRAINT "INICIO_PR_MARCA_ID_A04BEEDA_F" FOREIGN KEY ("MARCA_ID")
	  REFERENCES "HSC"."INICIO_MARCA" ("IDMARCA") DEFERRABLE INITIALLY DEFERRED ENABLE;
  ALTER TABLE "HSC"."INICIO_PRODUCTO" ADD CONSTRAINT "INICIO_PR_TIPOPROD__98BB12C9_F" FOREIGN KEY ("TIPOPROD_ID")
	  REFERENCES "HSC"."INICIO_TIPOPROD" ("IDTIPOROD") DEFERRABLE INITIALLY DEFERRED ENABLE;
--------------------------------------------------------
--  Ref Constraints for Table INICIO_REGION
--------------------------------------------------------

  ALTER TABLE "HSC"."INICIO_REGION" ADD CONSTRAINT "INICIO_RE_COMUNA_ID_DBD35DE5_F" FOREIGN KEY ("COMUNA_ID")
	  REFERENCES "HSC"."INICIO_COMUNA" ("IDCOMUNA") DEFERRABLE INITIALLY DEFERRED ENABLE;
--------------------------------------------------------
--  Ref Constraints for Table INICIO_USUARIO
--------------------------------------------------------

  ALTER TABLE "HSC"."INICIO_USUARIO" ADD CONSTRAINT "INICIO_US_TIPOUSUAR_CC956262_F" FOREIGN KEY ("TIPOUSUARIO_ID")
	  REFERENCES "HSC"."INICIO_TIPOUSUARIO" ("IDTIPOUSUARIO") DEFERRABLE INITIALLY DEFERRED ENABLE;
--------------------------------------------------------
--  Ref Constraints for Table INICIO_VENTA
--------------------------------------------------------

  ALTER TABLE "HSC"."INICIO_VENTA" ADD CONSTRAINT "INICIO_VE_USUARIO_I_81C581B1_F" FOREIGN KEY ("USUARIO_ID")
	  REFERENCES "HSC"."INICIO_USUARIO" ("USERNAME") DEFERRABLE INITIALLY DEFERRED ENABLE;
